{
  "properties": {
    "connectionReferences": {
      "shared_office365": {
        "runtimeSource": "embedded",
        "connection": {},
        "api": {
          "name": "shared_office365"
        }
      },
      "shared_uiflow_2": {
        "runtimeSource": "embedded",
        "connection": {},
        "api": {
          "name": "shared_uiflow"
        }
      },
      "shared_sql": {
        "runtimeSource": "embedded",
        "connection": {},
        "api": {
          "name": "shared_sql"
        }
      }
    },
    "definition": {
      "$schema": "https://schema.management.azure.com/providers/Microsoft.Logic/schemas/2016-06-01/workflowdefinition.json#",
      "contentVersion": "1.0.0.0",
      "parameters": {
        "$connections": {
          "defaultValue": {},
          "type": "Object"
        },
        "$authentication": {
          "defaultValue": {},
          "type": "SecureObject"
        }
      },
      "triggers": {
        "Recurrence": {
          "recurrence": {
            "frequency": "Hour",
            "interval": 4,
            "startTime": "2021-06-15T02:00:00Z"
          },
          "metadata": {
            "operationMetadataId": "05f74cfc-19ce-46e8-81ca-1bcb71eedf8c"
          },
          "type": "Recurrence",
          "runtimeConfiguration": {
            "concurrency": {
              "runs": 1
            }
          }
        }
      },
      "actions": {
        "Get_emails_(V3)": {
          "runAfter": {
            "Initialize_variable": [
              "Succeeded"
            ]
          },
          "metadata": {
            "operationMetadataId": "4993d8c2-2599-42d2-8ed9-3f90b6fd5bb1",
            "Id::AAMkAGNlOThlNzljLTM4NDUtNDFkYS1hNDBhLTZjMDU5M2RkMDRkZQAuAAAAAABUT0_2Wr84SbyVMEZDtmFVAQB01G2QjVYKRJOY3uUfNM3oAAAAAFXUAAA=": "Processed"
          },
          "type": "OpenApiConnection",
          "inputs": {
            "host": {
              "apiId": "/providers/Microsoft.PowerApps/apis/shared_office365",
              "connectionName": "shared_office365",
              "operationId": "GetEmailsV3"
            },
            "parameters": {
              "folderPath": "Id::AAMkAGNlOThlNzljLTM4NDUtNDFkYS1hNDBhLTZjMDU5M2RkMDRkZQAuAAAAAABUT0_2Wr84SbyVMEZDtmFVAQB01G2QjVYKRJOY3uUfNM3oAAAAAFXUAAA=",
              "fetchOnlyUnread": false,
              "mailboxAddress": "CBPS_LMDI_RECON@cbpsportal.com",
              "includeAttachments": false,
              "importance": "Any",
              "fetchOnlyWithAttachment": false,
              "subjectFilter": "PROD file"
            },
            "authentication": "@parameters('$authentication')"
          }
        },
        "Apply_to_each_2": {
          "foreach": "@outputs('Get_emails_(V3)')?['body/value']",
          "actions": {
            "Condition": {
              "actions": {
                "Run_a_flow_built_with_Power_Automate_Desktop": {
                  "runAfter": {},
                  "metadata": {
                    "operationMetadataId": "2d623d4f-1652-4288-9929-bdbcbf3bb1eb"
                  },
                  "type": "OpenApiConnection",
                  "inputs": {
                    "host": {
                      "apiId": "/providers/Microsoft.PowerApps/apis/shared_uiflow",
                      "connectionName": "shared_uiflow_2",
                      "operationId": "RunUIFlow_V2"
                    },
                    "parameters": {
                      "uiFlowId": "97b83ab1-acde-42e6-a896-abb682b20962",
                      "runMode": "unattended",
                      "item/Email_BodyText": "@items('Apply_to_each_2')?['body']",
                      "item/Email_Date": "@items('Apply_to_each_2')?['receivedDateTime']",
                      "item/Email_Subject": "@items('Apply_to_each_2')?['subject']",
                      "item/Path_ReceiptFolder": "\\\\bpcepsapp1\\iBML_Shares\\Receipt",
                      "x-ms-flow-trusted-access": true
                    },
                    "authentication": "@parameters('$authentication')"
                  }
                },
                "Move_email_(V2)": {
                  "runAfter": {
                    "Run_a_flow_built_with_Power_Automate_Desktop": [
                      "Succeeded"
                    ]
                  },
                  "metadata": {
                    "Id::AAMkAGNlOThlNzljLTM4NDUtNDFkYS1hNDBhLTZjMDU5M2RkMDRkZQAuAAAAAABUT0_2Wr84SbyVMEZDtmFVAQB01G2QjVYKRJOY3uUfNM3oAAAAAAE4AAA=": "Archive",
                    "operationMetadataId": "dac2cc76-ba25-4f49-bb8d-9fc6b829c5a2"
                  },
                  "type": "OpenApiConnection",
                  "inputs": {
                    "host": {
                      "apiId": "/providers/Microsoft.PowerApps/apis/shared_office365",
                      "connectionName": "shared_office365",
                      "operationId": "MoveV2"
                    },
                    "parameters": {
                      "messageId": "@items('Apply_to_each_2')?['id']",
                      "folderPath": "Id::AAMkAGNlOThlNzljLTM4NDUtNDFkYS1hNDBhLTZjMDU5M2RkMDRkZQAuAAAAAABUT0_2Wr84SbyVMEZDtmFVAQB01G2QjVYKRJOY3uUfNM3oAAAAAAE4AAA=",
                      "mailboxAddress": "CBPS_LMDI_RECON@cbpsportal.com"
                    },
                    "authentication": "@parameters('$authentication')"
                  }
                },
                "Execute_stored_procedure_(V2)": {
                  "runAfter": {
                    "Condition_for_Variable": [
                      "Succeeded"
                    ]
                  },
                  "metadata": {
                    "operationMetadataId": "1e5e0e42-49b1-46fa-b377-293341938bd3"
                  },
                  "type": "OpenApiConnection",
                  "inputs": {
                    "host": {
                      "apiId": "/providers/Microsoft.PowerApps/apis/shared_sql",
                      "connectionName": "shared_sql",
                      "operationId": "ExecuteProcedure_V2"
                    },
                    "parameters": {
                      "server": "SLCAPOKTASQLP2",
                      "database": "CCM_DB",
                      "procedure": "[dbo].[spPopulateDTSEDIClientReplyLog]",
                      "parameters/PROCESS_NM": "DTS Recon Mail Receipt",
                      "parameters/CLIENT_NM": "LM IBML",
                      "parameters/CHANNEL_TXT": "@outputs('Move_email_(V2)')?['body/from']",
                      "parameters/FILENAME_TXT": "@outputs('Run_a_flow_built_with_Power_Automate_Desktop')?['body/Receipt_TIF_Filename']",
                      "parameters/ENVIRONMENT_TXT": "PRODUCTION",
                      "parameters/STATUS_CD": "@outputs('Run_a_flow_built_with_Power_Automate_Desktop')?['body/Receipt_Type']",
                      "parameters/STATUS_DTTM": "@formatDateTime(outputs('Run_a_flow_built_with_Power_Automate_Desktop')?['body/Receipt_Date'],'MM/dd/yyyy hh:mm:ss')",
                      "parameters/ERROR_TXT": "@variables('sMessageTxt')",
                      "parameters/MSG_TXT": "@variables('sMessageTxt')"
                    },
                    "authentication": "@parameters('$authentication')"
                  }
                },
                "Condition_for_Variable": {
                  "actions": {
                    "Set_variable": {
                      "runAfter": {},
                      "metadata": {
                        "operationMetadataId": "e4188975-5350-404e-b674-2b4b503097e7"
                      },
                      "type": "SetVariable",
                      "inputs": {
                        "name": "sMessageTxt",
                        "value": "null"
                      }
                    }
                  },
                  "runAfter": {
                    "Compose": [
                      "Succeeded"
                    ]
                  },
                  "expression": {
                    "equals": [
                      "@outputs('Compose')",
                      0
                    ]
                  },
                  "metadata": {
                    "operationMetadataId": "6deaae07-85f5-4744-926e-959cbb8317e6"
                  },
                  "type": "If"
                },
                "Compose": {
                  "runAfter": {
                    "Move_email_(V2)": [
                      "Succeeded"
                    ]
                  },
                  "metadata": {
                    "operationMetadataId": "265e3713-236d-47f9-badc-0ddb0c8692fd"
                  },
                  "type": "Compose",
                  "inputs": "@length(outputs('Run_a_flow_built_with_Power_Automate_Desktop')?['body/Receipt_RejectionReason'])"
                }
              },
              "runAfter": {},
              "expression": {
                "or": [
                  {
                    "contains": [
                      "@items('Apply_to_each_2')?['subject']",
                      "Accepted"
                    ]
                  },
                  {
                    "contains": [
                      "@items('Apply_to_each_2')?['subject']",
                      "Rejected"
                    ]
                  }
                ]
              },
              "metadata": {
                "operationMetadataId": "f710046c-55e6-4ff6-9cc2-fd99217cb22d"
              },
              "type": "If"
            }
          },
          "runAfter": {
            "Get_emails_(V3)": [
              "Succeeded"
            ]
          },
          "metadata": {
            "operationMetadataId": "c8209d1d-0d40-41c9-adc8-00f66413d1a3"
          },
          "type": "Foreach"
        },
        "Initialize_variable": {
          "runAfter": {},
          "metadata": {
            "operationMetadataId": "02be951b-4537-4945-b491-09e1da49a712"
          },
          "type": "InitializeVariable",
          "inputs": {
            "variables": [
              {
                "name": "sMessageTxt",
                "type": "string"
              }
            ]
          }
        }
      }
    }
  },
  "schemaVersion": "1.0.0.0"
}