{
  "properties": {
    "connectionReferences": {
      "shared_office365_2": {
        "runtimeSource": "embedded",
        "connection": {
          "connectionReferenceLogicalName": "cra6a_sharedoffice365_d2b50"
        },
        "api": {
          "name": "shared_office365"
        }
      },
      "shared_filesystem_1": {
        "runtimeSource": "embedded",
        "connection": {
          "connectionReferenceLogicalName": "cra6a_sharedfilesystem_7e720"
        },
        "api": {
          "name": "shared_filesystem"
        }
      }
    },
    "definition": {
      "$schema": "https://schema.management.azure.com/providers/Microsoft.Logic/schemas/2016-06-01/workflowdefinition.json#",
      "contentVersion": "1.0.0.0",
      "parameters": {
        "$connections": {
          "defaultValue": {},
          "type": "Object"
        },
        "$authentication": {
          "defaultValue": {},
          "type": "SecureObject"
        }
      },
      "triggers": {
        "Recurrence": {
          "recurrence": {
            "frequency": "Minute",
            "interval": 3
          },
          "metadata": {
            "operationMetadataId": "a7583bc8-43c4-4f8a-940c-4b5d7160c4fa"
          },
          "type": "Recurrence",
          "runtimeConfiguration": {
            "concurrency": {
              "runs": 1
            }
          }
        }
      },
      "actions": {
        "Get_Processed_Emails": {
          "runAfter": {
            "Initialize_variable_AppendData": [
              "Succeeded"
            ]
          },
          "metadata": {
            "operationMetadataId": "4993d8c2-2599-42d2-8ed9-3f90b6fd5bb1",
            "Id::AAMkAGNlOThlNzljLTM4NDUtNDFkYS1hNDBhLTZjMDU5M2RkMDRkZQAuAAAAAABUT0_2Wr84SbyVMEZDtmFVAQB01G2QjVYKRJOY3uUfNM3oAAAAAFXUAAA=": "Processed"
          },
          "type": "OpenApiConnection",
          "inputs": {
            "host": {
              "connectionName": "shared_office365_2",
              "operationId": "GetEmailsV3",
              "apiId": "/providers/Microsoft.PowerApps/apis/shared_office365"
            },
            "parameters": {
              "folderPath": "Id::AAMkAGNlOThlNzljLTM4NDUtNDFkYS1hNDBhLTZjMDU5M2RkMDRkZQAuAAAAAABUT0_2Wr84SbyVMEZDtmFVAQB01G2QjVYKRJOY3uUfNM3oAAAAAFXUAAA=",
              "fetchOnlyUnread": false,
              "mailboxAddress": "CBPS_LMDI_RECON@cbpsportal.com",
              "includeAttachments": false,
              "top": 25,
              "importance": "Any",
              "fetchOnlyWithAttachment": false,
              "subjectFilter": "PROD file"
            },
            "authentication": "@parameters('$authentication')"
          }
        },
        "Apply_to_each_Processed_Email": {
          "foreach": "@outputs('Get_Processed_Emails')?['body/value']",
          "actions": {
            "Condition": {
              "actions": {
                "If_Body_contains_Accepted": {
                  "actions": {
                    "Set_variable_Receipt_TIF_FileName": {
                      "runAfter": {
                        "Set_variable_Receipt_Type": [
                          "Succeeded"
                        ]
                      },
                      "metadata": {
                        "operationMetadataId": "43c01fe0-ef5e-46fa-8c5d-24ed54b48ab0"
                      },
                      "type": "SetVariable",
                      "inputs": {
                        "name": "ReceiptTifFileName",
                        "value": "@{replace(variables('EmailSubject'),'<Normal> Accepted: PROD file ','')}"
                      }
                    },
                    "Set_variable_Subject": {
                      "runAfter": {},
                      "metadata": {
                        "operationMetadataId": "ed1fab14-0052-4f49-aebe-b59de7adcc12"
                      },
                      "type": "SetVariable",
                      "inputs": {
                        "name": "EmailSubject",
                        "value": "@items('Apply_to_each_Processed_Email')?['subject']"
                      }
                    },
                    "Set_variable_Receipt_Type": {
                      "runAfter": {
                        "Set_variable_Email_Date": [
                          "Succeeded"
                        ]
                      },
                      "metadata": {
                        "operationMetadataId": "4d5e3a7f-cfec-4613-a668-5387428df1c1"
                      },
                      "type": "SetVariable",
                      "inputs": {
                        "name": "ReceiptType",
                        "value": "Accepted"
                      }
                    },
                    "Set_variable_ReceiptReason": {
                      "runAfter": {
                        "Set_variable_Receipt_TIF_FileName": [
                          "Succeeded"
                        ]
                      },
                      "metadata": {
                        "operationMetadataId": "5c909602-21e4-44ec-bfb2-a476027f159f"
                      },
                      "type": "SetVariable",
                      "inputs": {
                        "name": "ReceiptReason",
                        "value": "@items('Apply_to_each_Processed_Email')?['body']"
                      }
                    },
                    "Set_variable_Email_Date": {
                      "runAfter": {
                        "Set_variable_Subject": [
                          "Succeeded"
                        ]
                      },
                      "metadata": {
                        "operationMetadataId": "1840c03b-401e-4fbd-a436-e3b3380679e0"
                      },
                      "type": "SetVariable",
                      "inputs": {
                        "name": "EmailDate",
                        "value": "@items('Apply_to_each_Processed_Email')?['receivedDateTime']"
                      }
                    },
                    "Set_variable_EmailDate": {
                      "runAfter": {
                        "Set_variable_ReceiptReason": [
                          "Succeeded"
                        ]
                      },
                      "metadata": {
                        "operationMetadataId": "72297d45-8d8d-4823-94bb-77cd5d4cf178"
                      },
                      "type": "SetVariable",
                      "inputs": {
                        "name": "ReceiptDateFile",
                        "value": "@{formatDateTime(variables('EmailDate'),'yyyyMMdd')}"
                      }
                    },
                    "Set_variable_ReceiptDate": {
                      "runAfter": {
                        "Set_variable_EmailDate": [
                          "Succeeded"
                        ]
                      },
                      "metadata": {
                        "operationMetadataId": "87a77dc3-d788-4ce3-9ed6-e163e2b74776"
                      },
                      "type": "SetVariable",
                      "inputs": {
                        "name": "ReceiptDate",
                        "value": "@{formatDateTime(variables('EmailDate'),'MM/dd/yyyy hh:mm:ss tt')}"
                      }
                    },
                    "Get_file_metadata_using_path": {
                      "runAfter": {
                        "Set_variable_AppendData": [
                          "Succeeded"
                        ]
                      },
                      "metadata": {
                        "operationMetadataId": "ef48e911-45b9-4d32-b03b-dbd9f2a03161"
                      },
                      "type": "OpenApiConnection",
                      "inputs": {
                        "host": {
                          "connectionName": "shared_filesystem_1",
                          "operationId": "GetFileMetadataByPath",
                          "apiId": "/providers/Microsoft.PowerApps/apis/shared_filesystem"
                        },
                        "parameters": {
                          "path": "\\\\bpcepsapp1\\iBML_Shares\\Receipt\\EmailReceipt_@{variables('ReceiptDateFile')}.csv"
                        },
                        "authentication": "@parameters('$authentication')"
                      }
                    },
                    "Create_file": {
                      "runAfter": {
                        "Get_file_metadata_using_path": [
                          "Failed"
                        ]
                      },
                      "metadata": {
                        "operationMetadataId": "de53a0dd-d3f1-447a-81a9-f9d43f1121a9"
                      },
                      "type": "OpenApiConnection",
                      "inputs": {
                        "host": {
                          "connectionName": "shared_filesystem_1",
                          "operationId": "CreateFile",
                          "apiId": "/providers/Microsoft.PowerApps/apis/shared_filesystem"
                        },
                        "parameters": {
                          "folderPath": "\\\\bpcepsapp1\\iBML_Shares\\Receipt\\",
                          "name": "EmailReceipt_@{variables('ReceiptDateFile')}.csv",
                          "body": "Source,Date,Type,Filename,Reason\n"
                        },
                        "authentication": "@parameters('$authentication')"
                      }
                    },
                    "Append_file": {
                      "runAfter": {
                        "Get_file_metadata_using_path": [
                          "Succeeded"
                        ]
                      },
                      "metadata": {
                        "operationMetadataId": "9c56a547-c570-449f-a40d-09c6ee8c3dbf"
                      },
                      "type": "OpenApiConnection",
                      "inputs": {
                        "host": {
                          "connectionName": "shared_filesystem_1",
                          "operationId": "AppendFile",
                          "apiId": "/providers/Microsoft.PowerApps/apis/shared_filesystem"
                        },
                        "parameters": {
                          "id": "\\\\bpcepsapp1\\iBML_Shares\\Receipt\\EmailReceipt_@{variables('ReceiptDateFile')}.csv",
                          "body": "@{trim(variables('AppendData'))}\n"
                        },
                        "authentication": "@parameters('$authentication')"
                      }
                    },
                    "Delay": {
                      "runAfter": {
                        "Create_file": [
                          "Succeeded"
                        ]
                      },
                      "metadata": {
                        "operationMetadataId": "fa147c9f-4366-4d6a-a021-67d4b00801df"
                      },
                      "type": "Wait",
                      "inputs": {
                        "interval": {
                          "count": 30,
                          "unit": "Second"
                        }
                      }
                    },
                    "Append_file_2": {
                      "runAfter": {
                        "Delay": [
                          "Succeeded"
                        ]
                      },
                      "metadata": {
                        "operationMetadataId": "abc15f7c-a35b-4b4e-b1d9-16aa62676584"
                      },
                      "type": "OpenApiConnection",
                      "inputs": {
                        "host": {
                          "connectionName": "shared_filesystem_1",
                          "operationId": "AppendFile",
                          "apiId": "/providers/Microsoft.PowerApps/apis/shared_filesystem"
                        },
                        "parameters": {
                          "id": "\\\\bpcepsapp1\\iBML_Shares\\Receipt\\EmailReceipt_@{variables('ReceiptDateFile')}.csv",
                          "body": "@{trim(variables('AppendData'))}\n"
                        },
                        "authentication": "@parameters('$authentication')"
                      }
                    },
                    "Set_variable_AppendData": {
                      "runAfter": {
                        "Set_variable_ReceiptDate": [
                          "Succeeded"
                        ]
                      },
                      "metadata": {
                        "operationMetadataId": "40815a55-92c5-4c28-8e04-640fa4f2b879"
                      },
                      "type": "SetVariable",
                      "inputs": {
                        "name": "AppendData",
                        "value": "Email, @{variables('ReceiptDate')},@{variables('ReceiptType')},@{variables('ReceiptTifFileName')},@{variables('ReceiptReason')}"
                      }
                    },
                    "Move_email_(Processed)": {
                      "runAfter": {
                        "Append_file": [
                          "Succeeded",
                          "Skipped"
                        ],
                        "Append_file_2": [
                          "Skipped",
                          "Succeeded"
                        ]
                      },
                      "metadata": {
                        "operationMetadataId": "57e2fba4-8db8-4951-95d1-61b023266349"
                      },
                      "type": "OpenApiConnection",
                      "inputs": {
                        "host": {
                          "connectionName": "shared_office365_2",
                          "operationId": "MoveV2",
                          "apiId": "/providers/Microsoft.PowerApps/apis/shared_office365"
                        },
                        "parameters": {
                          "messageId": "@items('Apply_to_each_Processed_Email')?['id']",
                          "folderPath": "Archive"
                        },
                        "authentication": "@parameters('$authentication')"
                      }
                    }
                  },
                  "runAfter": {},
                  "expression": {
                    "contains": [
                      "@items('Apply_to_each_Processed_Email')?['subject']",
                      "Accepted"
                    ]
                  },
                  "metadata": {
                    "operationMetadataId": "1cfa99f5-33a4-40da-8741-1c49e82f7c35"
                  },
                  "type": "If"
                }
              },
              "runAfter": {},
              "expression": {
                "contains": [
                  "@items('Apply_to_each_Processed_Email')?['subject']",
                  "Accepted"
                ]
              },
              "metadata": {
                "operationMetadataId": "f710046c-55e6-4ff6-9cc2-fd99217cb22d"
              },
              "type": "If"
            }
          },
          "runAfter": {
            "Get_Processed_Emails": [
              "Succeeded"
            ]
          },
          "metadata": {
            "operationMetadataId": "c8209d1d-0d40-41c9-adc8-00f66413d1a3"
          },
          "type": "Foreach",
          "runtimeConfiguration": {
            "concurrency": {
              "repetitions": 1
            }
          }
        },
        "Initialize_variable_MessageText": {
          "runAfter": {
            "Current_time": [
              "Succeeded"
            ]
          },
          "metadata": {
            "operationMetadataId": "02be951b-4537-4945-b491-09e1da49a712"
          },
          "type": "InitializeVariable",
          "inputs": {
            "variables": [
              {
                "name": "sMessageTxt",
                "type": "string"
              }
            ]
          }
        },
        "Initialize_variable_ReceiptType": {
          "runAfter": {
            "Initialize_variable_MessageText": [
              "Succeeded"
            ]
          },
          "metadata": {
            "operationMetadataId": "cd16c56d-4367-4f7e-97ae-32bb238e50e4"
          },
          "type": "InitializeVariable",
          "inputs": {
            "variables": [
              {
                "name": "ReceiptType",
                "type": "string"
              }
            ]
          }
        },
        "Initialize_variable_ReceiptTifFileName": {
          "runAfter": {
            "Initialize_variable_ReceiptType": [
              "Succeeded"
            ]
          },
          "metadata": {
            "operationMetadataId": "0f6cfffe-ce3f-4350-963d-5b52748c32ec"
          },
          "type": "InitializeVariable",
          "inputs": {
            "variables": [
              {
                "name": "ReceiptTifFileName",
                "type": "string"
              }
            ]
          }
        },
        "Initialize_variable_EmailSubject": {
          "runAfter": {
            "Initialize_variable_ReceiptTifFileName": [
              "Succeeded"
            ]
          },
          "metadata": {
            "operationMetadataId": "c8372897-a3f7-468c-b5fc-f63f40b56465"
          },
          "type": "InitializeVariable",
          "inputs": {
            "variables": [
              {
                "name": "EmailSubject",
                "type": "string"
              }
            ]
          }
        },
        "Initialize_variable_ReceiptReason": {
          "runAfter": {
            "Initialize_variable_EmailSubject": [
              "Succeeded"
            ]
          },
          "metadata": {
            "operationMetadataId": "b9d36124-e087-4d07-a880-830ae3732be0"
          },
          "type": "InitializeVariable",
          "inputs": {
            "variables": [
              {
                "name": "ReceiptReason",
                "type": "string"
              }
            ]
          }
        },
        "Initialize_variable_EmailDate": {
          "runAfter": {
            "Initialize_variable_ReceiptReason": [
              "Succeeded"
            ]
          },
          "metadata": {
            "operationMetadataId": "7f4b4fa0-8e32-434f-b626-bba13ccf1f16"
          },
          "type": "InitializeVariable",
          "inputs": {
            "variables": [
              {
                "name": "EmailDate",
                "type": "string"
              }
            ]
          }
        },
        "Initialize_variable_ReceiptDate": {
          "runAfter": {
            "Initialize_variable_EmailDate": [
              "Succeeded"
            ]
          },
          "metadata": {
            "operationMetadataId": "054d5c88-aed5-42ca-abb0-09ad329e8981"
          },
          "type": "InitializeVariable",
          "inputs": {
            "variables": [
              {
                "name": "ReceiptDate",
                "type": "string"
              }
            ]
          }
        },
        "Initialize_variable_ReceiptDateFile": {
          "runAfter": {
            "Initialize_variable_ReceiptDate": [
              "Succeeded"
            ]
          },
          "metadata": {
            "operationMetadataId": "a077a58f-d134-46c8-b100-0c24b61106b2"
          },
          "type": "InitializeVariable",
          "inputs": {
            "variables": [
              {
                "name": "ReceiptDateFile",
                "type": "string"
              }
            ]
          }
        },
        "Current_time": {
          "runAfter": {},
          "metadata": {
            "operationMetadataId": "d2958bab-1c14-4b65-964d-58f6a9d41562"
          },
          "type": "Expression",
          "kind": "CurrentTime",
          "inputs": {}
        },
        "Initialize_variable_AppendData": {
          "runAfter": {
            "Initialize_variable_ReceiptDateFile": [
              "Succeeded"
            ]
          },
          "metadata": {
            "operationMetadataId": "a489cfa4-b2b1-4add-9995-7e7e4528c68d"
          },
          "type": "InitializeVariable",
          "inputs": {
            "variables": [
              {
                "name": "AppendData",
                "type": "string"
              }
            ]
          }
        },
        "Get_Rejected_Emails": {
          "runAfter": {
            "Apply_to_each_Processed_Email": [
              "Succeeded"
            ]
          },
          "metadata": {
            "operationMetadataId": "a5512785-8ab5-42b0-b4ff-a9ab451f966a"
          },
          "type": "OpenApiConnection",
          "inputs": {
            "host": {
              "connectionName": "shared_office365_2",
              "operationId": "GetEmailsV3",
              "apiId": "/providers/Microsoft.PowerApps/apis/shared_office365"
            },
            "parameters": {
              "folderPath": "Rejected",
              "fetchOnlyUnread": false,
              "mailboxAddress": "CBPS_LMDI_RECON@cbpsportal.com",
              "includeAttachments": false,
              "top": 25,
              "importance": "Any",
              "fetchOnlyWithAttachment": false,
              "subjectFilter": "<High>"
            },
            "authentication": "@parameters('$authentication')"
          }
        },
        "Apply_to_each_Rejected_Email": {
          "foreach": "@outputs('Get_Rejected_Emails')?['body/value']",
          "actions": {
            "Condition_Rejected": {
              "actions": {
                "Set_variable_Subject_Rejected": {
                  "runAfter": {},
                  "metadata": {
                    "operationMetadataId": "06a365da-decd-40d3-9c5b-5744226f659c"
                  },
                  "type": "SetVariable",
                  "inputs": {
                    "name": "EmailSubject",
                    "value": "@items('Apply_to_each_Rejected_Email')?['subject']"
                  }
                },
                "Set_variable_Email_Date_Rejected": {
                  "runAfter": {
                    "Set_variable_Subject_Rejected": [
                      "Succeeded"
                    ]
                  },
                  "metadata": {
                    "operationMetadataId": "6372ccaa-4f6e-41ab-aa51-2e02f55bcff3"
                  },
                  "type": "SetVariable",
                  "inputs": {
                    "name": "EmailDate",
                    "value": "@items('Apply_to_each_Rejected_Email')?['receivedDateTime']"
                  }
                },
                "Set_variable_Receipt_Type_Rejected": {
                  "runAfter": {
                    "Set_variable_Email_Date_Rejected": [
                      "Succeeded"
                    ]
                  },
                  "metadata": {
                    "operationMetadataId": "8ecf7c5f-5b6b-4ced-99d2-e777c8c388c0"
                  },
                  "type": "SetVariable",
                  "inputs": {
                    "name": "ReceiptType",
                    "value": "Rejected"
                  }
                },
                "Set_variable_Receipt_TIF_FileName_Rejected": {
                  "runAfter": {
                    "Set_variable_Receipt_Type_Rejected": [
                      "Succeeded"
                    ]
                  },
                  "metadata": {
                    "operationMetadataId": "2f61831d-5cfc-4311-a292-9face322e370"
                  },
                  "type": "SetVariable",
                  "inputs": {
                    "name": "ReceiptTifFileName",
                    "value": "@{replace(variables('EmailSubject'),'<High> Rejected: PROD file ','')}"
                  }
                },
                "Set_variable_Receipt_Reason_Rejected": {
                  "runAfter": {
                    "Set_variable_Receipt_TIF_FileName_Rejected": [
                      "Succeeded"
                    ]
                  },
                  "metadata": {
                    "operationMetadataId": "08b163d1-a7fd-4ffb-9577-892d09d06753"
                  },
                  "type": "SetVariable",
                  "inputs": {
                    "name": "ReceiptReason",
                    "value": "@items('Apply_to_each_Rejected_Email')?['body']"
                  }
                },
                "Set_variable_EmailDate_Rejected": {
                  "runAfter": {
                    "Set_variable_Receipt_Reason_Rejected": [
                      "Succeeded"
                    ]
                  },
                  "metadata": {
                    "operationMetadataId": "9633df1c-91a0-448d-bfc2-36c7aa4e98c3"
                  },
                  "type": "SetVariable",
                  "inputs": {
                    "name": "ReceiptDateFile",
                    "value": "@{formatDateTime(variables('EmailDate'),'yyyyMMdd')}"
                  }
                },
                "Set_variable_ReceiptDate_Rejected": {
                  "runAfter": {
                    "Set_variable_EmailDate_Rejected": [
                      "Succeeded"
                    ]
                  },
                  "metadata": {
                    "operationMetadataId": "c03dbdd1-8c31-4c81-81ea-2832de90bf49"
                  },
                  "type": "SetVariable",
                  "inputs": {
                    "name": "ReceiptDate",
                    "value": "@{formatDateTime(variables('EmailDate'),'MM/dd/yyyy hh:mm:ss tt')}"
                  }
                },
                "Set_variable_AppendData_Rejected": {
                  "runAfter": {
                    "Set_variable_ReceiptDate_Rejected": [
                      "Succeeded"
                    ]
                  },
                  "metadata": {
                    "operationMetadataId": "221c9280-0059-424d-8772-176b58e79689"
                  },
                  "type": "SetVariable",
                  "inputs": {
                    "name": "AppendData",
                    "value": "Email, @{variables('ReceiptDate')},@{variables('ReceiptType')},@{variables('ReceiptTifFileName')},@{variables('ReceiptReason')}"
                  }
                },
                "Get_file_metadata_using_path_rejected": {
                  "runAfter": {
                    "Set_variable_AppendData_Rejected": [
                      "Succeeded"
                    ]
                  },
                  "metadata": {
                    "operationMetadataId": "fe644d20-cd7f-4af5-a34a-88941de7ed3b"
                  },
                  "type": "OpenApiConnection",
                  "inputs": {
                    "host": {
                      "connectionName": "shared_filesystem_1",
                      "operationId": "GetFileMetadataByPath",
                      "apiId": "/providers/Microsoft.PowerApps/apis/shared_filesystem"
                    },
                    "parameters": {
                      "path": "\\\\bpcepsapp1\\iBML_Shares\\Receipt\\EmailReceipt_@{variables('ReceiptDateFile')}.csv"
                    },
                    "authentication": "@parameters('$authentication')"
                  }
                },
                "Create_file_Rejected": {
                  "runAfter": {
                    "Get_file_metadata_using_path_rejected": [
                      "Failed"
                    ]
                  },
                  "metadata": {
                    "operationMetadataId": "ecb83648-c30a-4478-951b-356d3ddec882"
                  },
                  "type": "OpenApiConnection",
                  "inputs": {
                    "host": {
                      "connectionName": "shared_filesystem_1",
                      "operationId": "CreateFile",
                      "apiId": "/providers/Microsoft.PowerApps/apis/shared_filesystem"
                    },
                    "parameters": {
                      "folderPath": "\\\\bpcepsapp1\\iBML_Shares\\Receipt\\",
                      "name": "EmailReceipt_@{variables('ReceiptDateFile')}.csv",
                      "body": "Source,Date,Type,Filename,Reason\n"
                    },
                    "authentication": "@parameters('$authentication')"
                  }
                },
                "Append_file_Rejected": {
                  "runAfter": {
                    "Get_file_metadata_using_path_rejected": [
                      "Succeeded"
                    ]
                  },
                  "metadata": {
                    "operationMetadataId": "0664088c-d3c4-4c4f-a3e9-0a2532777294"
                  },
                  "type": "OpenApiConnection",
                  "inputs": {
                    "host": {
                      "connectionName": "shared_filesystem_1",
                      "operationId": "AppendFile",
                      "apiId": "/providers/Microsoft.PowerApps/apis/shared_filesystem"
                    },
                    "parameters": {
                      "id": "\\\\bpcepsapp1\\iBML_Shares\\Receipt\\EmailReceipt_@{variables('ReceiptDateFile')}.csv",
                      "body": "@{trim(variables('AppendData'))}\n"
                    },
                    "authentication": "@parameters('$authentication')"
                  }
                },
                "Delay_2": {
                  "runAfter": {
                    "Create_file_Rejected": [
                      "Succeeded"
                    ]
                  },
                  "metadata": {
                    "operationMetadataId": "484cf3d2-1890-43e2-b973-c0c3b25543a0"
                  },
                  "type": "Wait",
                  "inputs": {
                    "interval": {
                      "count": 30,
                      "unit": "Second"
                    }
                  }
                },
                "Append_file_Rejected_2": {
                  "runAfter": {
                    "Delay_2": [
                      "Succeeded"
                    ]
                  },
                  "metadata": {
                    "operationMetadataId": "0e894768-7260-4265-aca8-f2103c7cc483"
                  },
                  "type": "OpenApiConnection",
                  "inputs": {
                    "host": {
                      "connectionName": "shared_filesystem_1",
                      "operationId": "AppendFile",
                      "apiId": "/providers/Microsoft.PowerApps/apis/shared_filesystem"
                    },
                    "parameters": {
                      "id": "\\\\bpcepsapp1\\iBML_Shares\\Receipt\\EmailReceipt_@{variables('ReceiptDateFile')}.csv",
                      "body": "@{trim(variables('AppendData'))}\n"
                    },
                    "authentication": "@parameters('$authentication')"
                  }
                },
                "Move_email_(Rejected)": {
                  "runAfter": {
                    "Append_file_Rejected": [
                      "Succeeded"
                    ],
                    "Append_file_Rejected_2": [
                      "Succeeded"
                    ]
                  },
                  "metadata": {
                    "Id::AAMkAGNlOThlNzljLTM4NDUtNDFkYS1hNDBhLTZjMDU5M2RkMDRkZQAuAAAAAABUT0_2Wr84SbyVMEZDtmFVAQB01G2QjVYKRJOY3uUfNM3oAAAAAAE4AAA=": "Archive",
                    "operationMetadataId": "29160908-41f5-4552-8134-d920ba70f761"
                  },
                  "type": "OpenApiConnection",
                  "inputs": {
                    "host": {
                      "connectionName": "shared_office365_2",
                      "operationId": "MoveV2",
                      "apiId": "/providers/Microsoft.PowerApps/apis/shared_office365"
                    },
                    "parameters": {
                      "messageId": "@items('Apply_to_each_Rejected_Email')?['id']",
                      "folderPath": "Id::AAMkAGNlOThlNzljLTM4NDUtNDFkYS1hNDBhLTZjMDU5M2RkMDRkZQAuAAAAAABUT0_2Wr84SbyVMEZDtmFVAQB01G2QjVYKRJOY3uUfNM3oAAAAAAE4AAA="
                    },
                    "authentication": "@parameters('$authentication')"
                  }
                }
              },
              "runAfter": {},
              "else": {
                "actions": {
                  "Condition_2": {
                    "actions": {
                      "Move_email_(V2)": {
                        "runAfter": {},
                        "metadata": {
                          "Id::AAMkAGNlOThlNzljLTM4NDUtNDFkYS1hNDBhLTZjMDU5M2RkMDRkZQAuAAAAAABUT0_2Wr84SbyVMEZDtmFVAQB01G2QjVYKRJOY3uUfNM3oAAAAAAE4AAA=": "Archive",
                          "operationMetadataId": "a4aa39b4-4449-4b04-8477-1883beb389d4"
                        },
                        "type": "OpenApiConnection",
                        "inputs": {
                          "host": {
                            "connectionName": "shared_office365_2",
                            "operationId": "MoveV2",
                            "apiId": "/providers/Microsoft.PowerApps/apis/shared_office365"
                          },
                          "parameters": {
                            "messageId": "@items('Apply_to_each_Rejected_Email')?['id']",
                            "folderPath": "Id::AAMkAGNlOThlNzljLTM4NDUtNDFkYS1hNDBhLTZjMDU5M2RkMDRkZQAuAAAAAABUT0_2Wr84SbyVMEZDtmFVAQB01G2QjVYKRJOY3uUfNM3oAAAAAAE4AAA="
                          },
                          "authentication": "@parameters('$authentication')"
                        }
                      }
                    },
                    "runAfter": {},
                    "expression": {
                      "contains": [
                        "@items('Apply_to_each_Rejected_Email')?['subject']",
                        "Failed"
                      ]
                    },
                    "metadata": {
                      "operationMetadataId": "d0ee5d83-ad00-43b4-a353-acd19287aa73"
                    },
                    "type": "If"
                  }
                }
              },
              "expression": {
                "contains": [
                  "@items('Apply_to_each_Rejected_Email')?['subject']",
                  "Rejected"
                ]
              },
              "metadata": {
                "operationMetadataId": "56a2c9c1-2592-4e18-b76b-8a3c606b6e7c"
              },
              "type": "If"
            }
          },
          "runAfter": {
            "Get_Rejected_Emails": [
              "Succeeded"
            ]
          },
          "metadata": {
            "operationMetadataId": "ee1fbc59-9b66-40cc-b88a-8df6c2e1b482"
          },
          "type": "Foreach",
          "runtimeConfiguration": {
            "concurrency": {
              "repetitions": 1
            }
          }
        }
      }
    }
  },
  "schemaVersion": "1.0.0.0"
}