{
  "properties": {
    "connectionReferences": {
      "shared_uiflow": {
        "runtimeSource": "embedded",
        "connection": {
          "connectionReferenceLogicalName": "cra6a_shareduiflow_1b5ef"
        },
        "api": {
          "name": "shared_uiflow"
        }
      }
    },
    "definition": {
      "$schema": "https://schema.management.azure.com/providers/Microsoft.Logic/schemas/2016-06-01/workflowdefinition.json#",
      "contentVersion": "1.0.0.0",
      "parameters": {
        "$connections": {
          "defaultValue": {},
          "type": "Object"
        },
        "$authentication": {
          "defaultValue": {},
          "type": "SecureObject"
        }
      },
      "triggers": {
        "Recurrence": {
          "recurrence": {
            "frequency": "Minute",
            "interval": 1,
            "timeZone": "Eastern Standard Time",
            "startTime": "2022-05-20T05:02:00Z"
          },
          "metadata": {
            "operationMetadataId": "f0b06975-5026-4bff-9c6e-694513340e99"
          },
          "type": "Recurrence",
          "runtimeConfiguration": {
            "concurrency": {
              "runs": 1
            }
          }
        }
      },
      "actions": {
        "Run_a_flow_built_with_Power_Automate_Desktop_East_Bot01": {
          "runAfter": {},
          "metadata": {
            "operationMetadataId": "79be1bba-0681-40f5-8adb-63478262d5e2"
          },
          "type": "OpenApiConnection",
          "inputs": {
            "host": {
              "connectionName": "shared_uiflow",
              "operationId": "RunUIFlow_V2",
              "apiId": "/providers/Microsoft.PowerApps/apis/shared_uiflow"
            },
            "parameters": {
              "uiFlowId": "3a4fa8b3-177f-4753-b1c8-3379948593d4",
              "runMode": "unattended"
            },
            "authentication": "@parameters('$authentication')",
            "retryPolicy": {
              "type": "none"
            }
          }
        },
        "Run_a_flow_built_with_Power_Automate_Desktop_West_Bot01": {
          "runAfter": {
            "Run_a_flow_built_with_Power_Automate_Desktop_East_Bot01": [
              "Succeeded",
              "Failed"
            ]
          },
          "metadata": {
            "operationMetadataId": "7289062f-54af-42c3-bd05-f8e8996ab147"
          },
          "type": "OpenApiConnection",
          "inputs": {
            "host": {
              "connectionName": "shared_uiflow",
              "operationId": "RunUIFlow_V2",
              "apiId": "/providers/Microsoft.PowerApps/apis/shared_uiflow"
            },
            "parameters": {
              "uiFlowId": "9a06faa3-8aef-4969-ad31-746ab20c7507",
              "runMode": "unattended"
            },
            "authentication": "@parameters('$authentication')"
          }
        }
      }
    }
  },
  "schemaVersion": "1.0.0.0"
}