{
  "properties": {
    "connectionReferences": {
      "shared_uiflow_1": {
        "runtimeSource": "embedded",
        "connection": {
          "connectionReferenceLogicalName": "cra6a_shareduiflow_1b5ef"
        },
        "api": {
          "name": "shared_uiflow"
        }
      },
      "shared_filesystem_1": {
        "runtimeSource": "embedded",
        "connection": {
          "connectionReferenceLogicalName": "cra6a_sharedfilesystem_7e720"
        },
        "api": {
          "name": "shared_filesystem"
        }
      },
      "shared_office365_1": {
        "runtimeSource": "embedded",
        "connection": {
          "connectionReferenceLogicalName": "cra6a_sharedoffice365_d2b50"
        },
        "api": {
          "name": "shared_office365"
        }
      }
    },
    "definition": {
      "$schema": "https://schema.management.azure.com/providers/Microsoft.Logic/schemas/2016-06-01/workflowdefinition.json#",
      "contentVersion": "1.0.0.0",
      "parameters": {
        "$connections": {
          "defaultValue": {},
          "type": "Object"
        },
        "$authentication": {
          "defaultValue": {},
          "type": "SecureObject"
        }
      },
      "triggers": {
        "Recurrence": {
          "recurrence": {
            "frequency": "Day",
            "interval": 1,
            "timeZone": "Eastern Standard Time",
            "startTime": "2021-06-09T12:00:00Z",
            "schedule": {
              "hours": [
                "0"
              ],
              "minutes": [
                5
              ]
            }
          },
          "metadata": {
            "operationMetadataId": "76ffdd26-0890-4786-b495-13c5dd9fae45"
          },
          "type": "Recurrence"
        }
      },
      "actions": {
        "Run_a_flow_built_with_Power_Automate_Desktop": {
          "runAfter": {
            "Initialize_Email_BCC": [
              "Succeeded"
            ]
          },
          "metadata": {
            "operationMetadataId": "f23bac59-b371-4624-be20-0709a4240106"
          },
          "type": "OpenApiConnection",
          "inputs": {
            "host": {
              "connectionName": "shared_uiflow_1",
              "operationId": "RunUIFlow_V2",
              "apiId": "/providers/Microsoft.PowerApps/apis/shared_uiflow"
            },
            "parameters": {
              "uiFlowId": "dcfdb8a9-ce79-4f35-96da-9f105e525444",
              "runMode": "unattended"
            },
            "authentication": "@parameters('$authentication')"
          }
        },
        "Initialize_Report_Current_Date": {
          "runAfter": {},
          "metadata": {
            "operationMetadataId": "92f95c4f-fc87-4c3f-846e-44d40f1822a5"
          },
          "type": "InitializeVariable",
          "inputs": {
            "variables": [
              {
                "name": "Report_CurrentDate",
                "type": "string",
                "value": "@{formatDateTime(convertTimeZone(addDays(utcNow(),-1),'UTC','Mountain Standard Time'),'yyyyMMdd')}"
              }
            ]
          }
        },
        "Initialize_Report_FileAttachments": {
          "runAfter": {
            "Initialize_Report_Filenames": [
              "Succeeded"
            ]
          },
          "metadata": {
            "operationMetadataId": "acfe0a65-b152-4239-b02f-b53842fe4d9f"
          },
          "type": "InitializeVariable",
          "inputs": {
            "variables": [
              {
                "name": "Report_FileAttachments",
                "type": "array"
              }
            ]
          }
        },
        "Initialize_Output_Report_Filenames": {
          "runAfter": {
            "Run_a_flow_built_with_Power_Automate_Desktop": [
              "Succeeded"
            ]
          },
          "metadata": {
            "operationMetadataId": "828208d2-be24-4c30-a9a6-708c3be1c5a6"
          },
          "type": "InitializeVariable",
          "inputs": {
            "variables": [
              {
                "name": "Output_Report_Filenames",
                "type": "string",
                "value": "@outputs('Run_a_flow_built_with_Power_Automate_Desktop')?['body/Report_Files']"
              }
            ]
          }
        },
        "Initialize_Report_Filenames": {
          "runAfter": {
            "Initialize_Output_Report_Filenames": [
              "Succeeded"
            ]
          },
          "metadata": {
            "operationMetadataId": "881253c9-4f70-4fd5-a2af-94292b2f466e"
          },
          "type": "InitializeVariable",
          "inputs": {
            "variables": [
              {
                "name": "Report_Filenames",
                "type": "array",
                "value": "@split(variables('Output_Report_Filenames'),',')"
              }
            ]
          }
        },
        "Report_Filenames_has_Values": {
          "actions": {
            "Apply_to_each_Report_files": {
              "foreach": "@variables('Report_Filenames')",
              "actions": {
                "Get_file_content": {
                  "runAfter": {},
                  "metadata": {
                    "operationMetadataId": "1ff1e137-bc68-438d-96ba-eaf06039504c"
                  },
                  "type": "OpenApiConnection",
                  "inputs": {
                    "host": {
                      "connectionName": "shared_filesystem_1",
                      "operationId": "GetFileContent",
                      "apiId": "/providers/Microsoft.PowerApps/apis/shared_filesystem"
                    },
                    "parameters": {
                      "id": "@items('Apply_to_each_Report_files')",
                      "inferContentType": true
                    },
                    "authentication": "@parameters('$authentication')"
                  }
                },
                "Append_to_array_variable": {
                  "runAfter": {
                    "Get_file_metadata": [
                      "Succeeded"
                    ]
                  },
                  "metadata": {
                    "operationMetadataId": "4bd325ad-61df-4b1e-af22-c9cd8747c6ea"
                  },
                  "type": "AppendToArrayVariable",
                  "inputs": {
                    "name": "Report_FileAttachments",
                    "value": {
                      "Name": "@{outputs('Get_file_metadata')?['body/DisplayName']}",
                      "ContentBytes": "@{outputs('Get_file_content')?['body']}"
                    }
                  }
                },
                "Get_file_metadata": {
                  "runAfter": {
                    "Get_file_content": [
                      "Succeeded"
                    ]
                  },
                  "metadata": {
                    "operationMetadataId": "41c8d91e-3b85-4051-a4e6-7bd977e33fb6"
                  },
                  "type": "OpenApiConnection",
                  "inputs": {
                    "host": {
                      "connectionName": "shared_filesystem_1",
                      "operationId": "GetFileMetadata",
                      "apiId": "/providers/Microsoft.PowerApps/apis/shared_filesystem"
                    },
                    "parameters": {
                      "id": "@items('Apply_to_each_Report_files')"
                    },
                    "authentication": "@parameters('$authentication')"
                  }
                }
              },
              "runAfter": {},
              "metadata": {
                "operationMetadataId": "f7b42f26-b39a-4c2c-a111-9488ec9d2386"
              },
              "type": "Foreach"
            },
            "Send_an_email_(V2)": {
              "runAfter": {
                "Apply_to_each_Report_files": [
                  "Succeeded"
                ]
              },
              "metadata": {
                "operationMetadataId": "dc8d6746-47f4-4663-aa0f-99c9b1713649"
              },
              "type": "OpenApiConnection",
              "inputs": {
                "host": {
                  "connectionName": "shared_office365_1",
                  "operationId": "SendEmailV2",
                  "apiId": "/providers/Microsoft.PowerApps/apis/shared_office365"
                },
                "parameters": {
                  "emailMessage/To": "@variables('Email_To')",
                  "emailMessage/Subject": "@concat('Recon Reports ',variables('Report_CurrentDate'))",
                  "emailMessage/Body": "<p>Attached are the Reconciliation Reports</p>",
                  "emailMessage/Bcc": "@variables('Email_BCC')",
                  "emailMessage/Attachments": "@variables('Report_FileAttachments')",
                  "emailMessage/Importance": "Normal"
                },
                "authentication": "@parameters('$authentication')"
              }
            },
            "Set_variable": {
              "runAfter": {
                "Send_an_email_(V2)": [
                  "Succeeded"
                ]
              },
              "metadata": {
                "operationMetadataId": "e786ed6b-aff3-4edb-8c34-3080bcc93470"
              },
              "type": "SetVariable",
              "inputs": {
                "name": "Report_FileAttachments",
                "value": []
              }
            }
          },
          "runAfter": {
            "Initialize_Report_FileAttachments": [
              "Succeeded"
            ]
          },
          "else": {
            "actions": {
              "Send_an_email_(V2)_2": {
                "runAfter": {},
                "metadata": {
                  "operationMetadataId": "6653d980-e72e-480b-95fe-4299544b37b0"
                },
                "type": "OpenApiConnection",
                "inputs": {
                  "host": {
                    "connectionName": "shared_office365_1",
                    "operationId": "SendEmailV2",
                    "apiId": "/providers/Microsoft.PowerApps/apis/shared_office365"
                  },
                  "parameters": {
                    "emailMessage/To": "@variables('Email_To')",
                    "emailMessage/Subject": "@concat('Recon Reports ',variables('Report_CurrentDate'))",
                    "emailMessage/Body": "<p>No Reconciliation Reports available</p>",
                    "emailMessage/Bcc": "@variables('Email_BCC')",
                    "emailMessage/Importance": "Normal"
                  },
                  "authentication": "@parameters('$authentication')"
                }
              }
            }
          },
          "expression": {
            "and": [
              {
                "greater": [
                  "@length(variables('Report_Filenames'))",
                  0
                ]
              },
              {
                "greater": [
                  "@length(variables('Report_Filenames')[0])",
                  0
                ]
              }
            ]
          },
          "metadata": {
            "operationMetadataId": "fefbc433-fc2c-447c-8f8d-92b435aaf38d"
          },
          "type": "If"
        },
        "Initialize_Email_To": {
          "runAfter": {
            "Initialize_Report_Current_Date": [
              "Succeeded"
            ]
          },
          "metadata": {
            "operationMetadataId": "7b810b3f-23d3-49c6-82e6-cd3932ba3835"
          },
          "type": "InitializeVariable",
          "inputs": {
            "variables": [
              {
                "name": "Email_To",
                "type": "string",
                "value": "pcarreon@cbps.canon.com;jeperez@cbps.canon.com;ankim@cbps.canon.com"
              }
            ]
          }
        },
        "Initialize_Email_BCC": {
          "runAfter": {
            "Initialize_Email_To": [
              "Succeeded"
            ]
          },
          "metadata": {
            "operationMetadataId": "39bc822a-3867-48bc-b6c3-347c35cefdfc"
          },
          "type": "InitializeVariable",
          "inputs": {
            "variables": [
              {
                "name": "Email_BCC",
                "type": "string",
                "value": "pcarreon@cbps.canon.com"
              }
            ]
          }
        }
      }
    }
  },
  "schemaVersion": "1.0.0.0"
}