{
  "properties": {
    "connectionReferences": {
      "shared_filesystem_2": {
        "runtimeSource": "embedded",
        "connection": {
          "connectionReferenceLogicalName": "cra6a_sharedfilesystem_64f69"
        },
        "api": {
          "name": "shared_filesystem"
        }
      },
      "shared_office365_1": {
        "runtimeSource": "embedded",
        "connection": {
          "connectionReferenceLogicalName": "cra6a_sharedoffice365_d2b50"
        },
        "api": {
          "name": "shared_office365"
        }
      },
      "shared_filesystem_3": {
        "runtimeSource": "embedded",
        "connection": {
          "connectionReferenceLogicalName": "cra6a_sharedfilesystem_7e720"
        },
        "api": {
          "name": "shared_filesystem"
        }
      }
    },
    "definition": {
      "$schema": "https://schema.management.azure.com/providers/Microsoft.Logic/schemas/2016-06-01/workflowdefinition.json#",
      "contentVersion": "1.0.0.0",
      "parameters": {
        "$connections": {
          "defaultValue": {},
          "type": "Object"
        },
        "$authentication": {
          "defaultValue": {},
          "type": "SecureObject"
        }
      },
      "triggers": {
        "Recurrence": {
          "recurrence": {
            "frequency": "Minute",
            "interval": 5
          },
          "metadata": {
            "operationMetadataId": "8c9d429f-7de7-40a4-ab08-75a6290a05f5"
          },
          "type": "Recurrence"
        }
      },
      "actions": {
        "List_files_in_Folder_WEST": {
          "runAfter": {},
          "metadata": {
            "XFxicGN3cHNhcHAxXGlCTUxfU2hhcmVzXFRFTVAyXExNX2lCTUxcRXJyb3I=": "\\\\bpcwpsapp1\\iBML_Shares\\TEMP2\\LM_iBML\\Error",
            "operationMetadataId": "39957fdd-fa4c-4bb9-8702-aec4d59abd75",
            "XFxicGN3cHNhcHAxXGlCTUxfU2hhcmVzXEVycm9y": "\\\\bpcwpsapp1\\iBML_Shares\\Error"
          },
          "type": "OpenApiConnection",
          "inputs": {
            "host": {
              "connectionName": "shared_filesystem_2",
              "operationId": "ListFolder",
              "apiId": "/providers/Microsoft.PowerApps/apis/shared_filesystem"
            },
            "parameters": {
              "id": "XFxicGN3cHNhcHAxXGlCTUxfU2hhcmVzXEVycm9y"
            },
            "authentication": "@parameters('$authentication')"
          }
        },
        "Apply_to_each_WEST": {
          "foreach": "@body('List_files_in_Folder_WEST')",
          "actions": {
            "Condition": {
              "actions": {
                "Get_file_content": {
                  "runAfter": {},
                  "metadata": {
                    "operationMetadataId": "763f3697-3ba9-4611-bcbf-9dd83fde4cc9"
                  },
                  "type": "OpenApiConnection",
                  "inputs": {
                    "host": {
                      "connectionName": "shared_filesystem_2",
                      "operationId": "GetFileContent",
                      "apiId": "/providers/Microsoft.PowerApps/apis/shared_filesystem"
                    },
                    "parameters": {
                      "id": "@item()?['Id']",
                      "inferContentType": true
                    },
                    "authentication": "@parameters('$authentication')"
                  }
                },
                "Send_an_email_(V2)": {
                  "runAfter": {
                    "Get_file_content": [
                      "Succeeded"
                    ]
                  },
                  "metadata": {
                    "operationMetadataId": "3a0a8b4b-2d05-4805-8d57-e66d8a766d33"
                  },
                  "type": "OpenApiConnection",
                  "inputs": {
                    "host": {
                      "connectionName": "shared_office365_1",
                      "operationId": "SendEmailV2",
                      "apiId": "/providers/Microsoft.PowerApps/apis/shared_office365"
                    },
                    "parameters": {
                      "emailMessage/To": "cbps-csc@cbps.canon.com",
                      "emailMessage/Subject": "iBML sFTP Upload Errors",
                      "emailMessage/Body": "<p>Please see attached list of the images that could not be processed. &nbsp;</p>",
                      "emailMessage/Bcc": "ctiongson@cbps.canon.com; DCorlija@cbps.canon.com; ankim@cbps.canon.com; jeperez@cbps.canon.com; pcarreon@cbps.canon.com",
                      "emailMessage/Attachments": [
                        {
                          "Name": "@item()?['Name']",
                          "ContentBytes": "@body('Get_file_content')"
                        }
                      ],
                      "emailMessage/Importance": "Normal"
                    },
                    "authentication": "@parameters('$authentication')",
                    "retryPolicy": {
                      "type": "fixed",
                      "count": 10,
                      "interval": "PT10S"
                    }
                  }
                },
                "Copy_file": {
                  "runAfter": {
                    "Send_an_email_(V2)": [
                      "Succeeded"
                    ]
                  },
                  "metadata": {
                    "operationMetadataId": "e7cd193a-3aeb-4769-8a2d-df0467727196"
                  },
                  "type": "OpenApiConnection",
                  "inputs": {
                    "host": {
                      "connectionName": "shared_filesystem_2",
                      "operationId": "CopyFile",
                      "apiId": "/providers/Microsoft.PowerApps/apis/shared_filesystem"
                    },
                    "parameters": {
                      "source": "@item()?['Path']",
                      "destination": "\\\\bpcwpsapp1\\iBML_Shares\\Receipt\\@{items('Apply_to_each_WEST')?['Name']}",
                      "overwrite": true
                    },
                    "authentication": "@parameters('$authentication')"
                  }
                },
                "Delete_file": {
                  "runAfter": {
                    "Copy_file": [
                      "Succeeded"
                    ]
                  },
                  "metadata": {
                    "operationMetadataId": "fee33d1e-90f8-45ea-a059-c85f1c6c2f98"
                  },
                  "type": "OpenApiConnection",
                  "inputs": {
                    "host": {
                      "connectionName": "shared_filesystem_2",
                      "operationId": "DeleteFile",
                      "apiId": "/providers/Microsoft.PowerApps/apis/shared_filesystem"
                    },
                    "parameters": {
                      "id": "@item()?['Path']"
                    },
                    "authentication": "@parameters('$authentication')"
                  }
                }
              },
              "runAfter": {},
              "expression": {
                "contains": [
                  "@item()?['MediaType']",
                  "csv"
                ]
              },
              "metadata": {
                "operationMetadataId": "752dc5ce-b151-44cb-bd47-86722c088cae"
              },
              "type": "If"
            }
          },
          "runAfter": {
            "List_files_in_Folder_WEST": [
              "Succeeded",
              "Failed"
            ]
          },
          "metadata": {
            "operationMetadataId": "dfe62322-bc22-42cd-beb1-803d9f0dfa07"
          },
          "type": "Foreach"
        },
        "List_files_in_Folder_EAST": {
          "runAfter": {
            "Apply_to_each_WEST": [
              "Succeeded",
              "Failed"
            ]
          },
          "metadata": {
            "XFxicGNlcHNhcHAxXGlCTUxfU2hhcmVzXEVycm9y": "\\\\bpcepsapp1\\iBML_Shares\\Error",
            "operationMetadataId": "22ea94f9-5d7e-44ae-87af-d31e8145bdc1"
          },
          "type": "OpenApiConnection",
          "inputs": {
            "host": {
              "connectionName": "shared_filesystem_3",
              "operationId": "ListFolder",
              "apiId": "/providers/Microsoft.PowerApps/apis/shared_filesystem"
            },
            "parameters": {
              "id": "XFxicGNlcHNhcHAxXGlCTUxfU2hhcmVzXEVycm9y"
            },
            "authentication": "@parameters('$authentication')"
          }
        },
        "Apply_to_each_EAST": {
          "foreach": "@body('List_files_in_Folder_EAST')",
          "actions": {
            "Condition_2": {
              "actions": {
                "Get_file_content_2": {
                  "runAfter": {},
                  "metadata": {
                    "operationMetadataId": "0ff99352-c8e8-403d-8e05-8d7579b4e0d3"
                  },
                  "type": "OpenApiConnection",
                  "inputs": {
                    "host": {
                      "connectionName": "shared_filesystem_3",
                      "operationId": "GetFileContent",
                      "apiId": "/providers/Microsoft.PowerApps/apis/shared_filesystem"
                    },
                    "parameters": {
                      "id": "@item()?['Id']",
                      "inferContentType": true
                    },
                    "authentication": "@parameters('$authentication')"
                  }
                },
                "Send_an_email_(V2)_3": {
                  "runAfter": {
                    "Get_file_content_2": [
                      "Succeeded"
                    ]
                  },
                  "metadata": {
                    "operationMetadataId": "ed4f6d2f-0f45-4e4c-9a9c-33fa3d370422"
                  },
                  "type": "OpenApiConnection",
                  "inputs": {
                    "host": {
                      "connectionName": "shared_office365_1",
                      "operationId": "SendEmailV2",
                      "apiId": "/providers/Microsoft.PowerApps/apis/shared_office365"
                    },
                    "parameters": {
                      "emailMessage/To": "cbps-csc@cbps.canon.com",
                      "emailMessage/Subject": "iBML sFTP Upload Errors",
                      "emailMessage/Body": "<p>Please see attached list of the images that could not be processed. &nbsp;</p>",
                      "emailMessage/Bcc": "ctiongson@cbps.canon.com; DCorlija@cbps.canon.com; ankim@cbps.canon.com; jeperez@cbps.canon.com; pcarreon@cbps.canon.com",
                      "emailMessage/Attachments": [
                        {
                          "Name": "@item()?['Name']",
                          "ContentBytes": "@body('Get_file_content_2')"
                        }
                      ],
                      "emailMessage/Importance": "Normal"
                    },
                    "authentication": "@parameters('$authentication')",
                    "retryPolicy": {
                      "type": "fixed",
                      "count": 5,
                      "interval": "PT10S"
                    }
                  }
                },
                "Copy_file_2": {
                  "runAfter": {
                    "Send_an_email_(V2)_3": [
                      "Succeeded"
                    ]
                  },
                  "metadata": {
                    "operationMetadataId": "a864ffe2-262b-40dd-b716-42b7f08fdaba"
                  },
                  "type": "OpenApiConnection",
                  "inputs": {
                    "host": {
                      "connectionName": "shared_filesystem_3",
                      "operationId": "CopyFile",
                      "apiId": "/providers/Microsoft.PowerApps/apis/shared_filesystem"
                    },
                    "parameters": {
                      "source": "@item()?['Path']",
                      "destination": "\\\\bpcepsapp1\\iBML_Shares\\Receipt\\@{items('Apply_to_each_EAST')?['Name']}",
                      "overwrite": true
                    },
                    "authentication": "@parameters('$authentication')"
                  }
                },
                "Delete_file_2": {
                  "runAfter": {
                    "Copy_file_2": [
                      "Succeeded"
                    ]
                  },
                  "metadata": {
                    "operationMetadataId": "b6bf507b-b67d-4bfa-8aab-8befff6110aa"
                  },
                  "type": "OpenApiConnection",
                  "inputs": {
                    "host": {
                      "connectionName": "shared_filesystem_3",
                      "operationId": "DeleteFile",
                      "apiId": "/providers/Microsoft.PowerApps/apis/shared_filesystem"
                    },
                    "parameters": {
                      "id": "@item()?['Path']"
                    },
                    "authentication": "@parameters('$authentication')"
                  }
                }
              },
              "runAfter": {},
              "expression": {
                "contains": [
                  "@item()?['MediaType']",
                  "csv"
                ]
              },
              "metadata": {
                "operationMetadataId": "3b4670dd-7b25-40a4-af83-f299cf8ef41f"
              },
              "type": "If"
            }
          },
          "runAfter": {
            "List_files_in_Folder_EAST": [
              "Succeeded"
            ]
          },
          "metadata": {
            "operationMetadataId": "8e81b0b5-9c6c-4bbb-aafa-f6e3f71a6c96"
          },
          "type": "Foreach"
        }
      },
      "outputs": {}
    }
  },
  "schemaVersion": "1.0.0.0"
}