{
  "properties": {
    "connectionReferences": {
      "shared_uiflow": {
        "runtimeSource": "embedded",
        "connection": {},
        "api": {
          "name": "shared_uiflow"
        }
      },
      "shared_filesystem": {
        "runtimeSource": "embedded",
        "connection": {},
        "api": {
          "name": "shared_filesystem"
        }
      },
      "shared_office365_1": {
        "runtimeSource": "embedded",
        "connection": {},
        "api": {
          "name": "shared_office365"
        }
      },
      "shared_office365": {
        "runtimeSource": "embedded",
        "connection": {},
        "api": {
          "name": "shared_office365"
        }
      }
    },
    "definition": {
      "$schema": "https://schema.management.azure.com/providers/Microsoft.Logic/schemas/2016-06-01/workflowdefinition.json#",
      "contentVersion": "1.0.0.0",
      "parameters": {
        "$connections": {
          "defaultValue": {},
          "type": "Object"
        },
        "$authentication": {
          "defaultValue": {},
          "type": "SecureObject"
        }
      },
      "triggers": {
        "Recurrence": {
          "recurrence": {
            "frequency": "Day",
            "interval": 1,
            "timeZone": "Eastern Standard Time",
            "schedule": {
              "hours": [
                "3",
                "11",
                "19"
              ],
              "minutes": [
                30
              ]
            }
          },
          "metadata": {
            "operationMetadataId": "6c926f80-63bb-407b-b5f8-4d3564ba3037"
          },
          "type": "Recurrence"
        }
      },
      "actions": {
        "Run_a_flow_built_with_Power_Automate_for_desktop": {
          "runAfter": {
            "Convert_time_zone": [
              "Succeeded"
            ]
          },
          "metadata": {
            "operationMetadataId": "6d724b89-b36a-4903-a9f7-36000abc75da"
          },
          "type": "OpenApiConnection",
          "inputs": {
            "host": {
              "apiId": "/providers/Microsoft.PowerApps/apis/shared_uiflow",
              "connectionName": "shared_uiflow",
              "operationId": "RunUIFlow_V2"
            },
            "parameters": {
              "uiFlowId": "71ad6219-383e-4f25-be76-60d7c0f3a937",
              "runMode": "unattended",
              "x-ms-flow-trusted-access": true
            },
            "authentication": "@parameters('$authentication')"
          }
        },
        "Current_time": {
          "runAfter": {},
          "metadata": {
            "operationMetadataId": "373ed3dc-3332-4724-b155-3b2d24234f76"
          },
          "type": "Expression",
          "kind": "CurrentTime",
          "inputs": {}
        },
        "Convert_time_zone": {
          "runAfter": {
            "Current_time": [
              "Succeeded"
            ]
          },
          "metadata": {
            "operationMetadataId": "96b394ae-69df-4c02-83ab-364262d82da6"
          },
          "type": "Expression",
          "kind": "ConvertTimeZone",
          "inputs": {
            "baseTime": "@body('Current_time')",
            "formatString": "G",
            "sourceTimeZone": "Central Standard Time",
            "destinationTimeZone": "Eastern Standard Time"
          }
        },
        "Get_file_content": {
          "runAfter": {
            "Get_file_metadata": [
              "Succeeded"
            ]
          },
          "metadata": {
            "operationMetadataId": "9c480e82-2ebd-4df4-853f-f1d420f21bfe"
          },
          "type": "OpenApiConnection",
          "inputs": {
            "host": {
              "apiId": "/providers/Microsoft.PowerApps/apis/shared_filesystem",
              "connectionName": "shared_filesystem",
              "operationId": "GetFileContent"
            },
            "parameters": {
              "id": "@trim(outputs('Run_a_flow_built_with_Power_Automate_for_desktop')?['body/outProcessFileName'])",
              "inferContentType": true
            },
            "authentication": "@parameters('$authentication')"
          }
        },
        "Get_file_metadata": {
          "runAfter": {
            "Run_a_flow_built_with_Power_Automate_for_desktop": [
              "Succeeded"
            ]
          },
          "metadata": {
            "operationMetadataId": "0006ff11-0fc3-4f7a-b64a-f277e88b3670"
          },
          "type": "OpenApiConnection",
          "inputs": {
            "host": {
              "apiId": "/providers/Microsoft.PowerApps/apis/shared_filesystem",
              "connectionName": "shared_filesystem",
              "operationId": "GetFileMetadata"
            },
            "parameters": {
              "id": "@trim(outputs('Run_a_flow_built_with_Power_Automate_for_desktop')?['body/outProcessFileName'])"
            },
            "authentication": "@parameters('$authentication')"
          }
        },
        "Delete_file": {
          "runAfter": {
            "Delay": [
              "Succeeded"
            ]
          },
          "metadata": {
            "operationMetadataId": "316072da-eeec-485d-bf2d-d3ddea189129"
          },
          "type": "OpenApiConnection",
          "inputs": {
            "host": {
              "apiId": "/providers/Microsoft.PowerApps/apis/shared_filesystem",
              "connectionName": "shared_filesystem",
              "operationId": "DeleteFile"
            },
            "parameters": {
              "id": "@outputs('Get_file_metadata')?['body/Id']"
            },
            "authentication": "@parameters('$authentication')"
          }
        },
        "Delay": {
          "runAfter": {
            "Condition": [
              "Succeeded"
            ]
          },
          "metadata": {
            "operationMetadataId": "cddaa47e-5724-4146-98e0-bf5554f35204"
          },
          "type": "Wait",
          "inputs": {
            "interval": {
              "count": 15,
              "unit": "Second"
            }
          }
        },
        "Condition": {
          "actions": {
            "Send_Email_Report_No_Attachment": {
              "runAfter": {},
              "metadata": {
                "operationMetadataId": "1cdc02ae-f4cb-4ddf-b869-52b13e701ee8"
              },
              "type": "OpenApiConnection",
              "inputs": {
                "host": {
                  "apiId": "/providers/Microsoft.PowerApps/apis/shared_office365",
                  "connectionName": "shared_office365_1",
                  "operationId": "SendEmailV2"
                },
                "parameters": {
                  "emailMessage/To": "cbps-csc@cbps.canon.com",
                  "emailMessage/Subject": "iBML Processing Update",
                  "emailMessage/Body": "<p><b>LM IBML Processed Files for East and West as of @{body('Convert_time_zone')}.</b><br>\n<br>\nTOTAL FILES: @{outputs('Run_a_flow_built_with_Power_Automate_for_desktop')?['body/outTotalCount']}<br>\nProcessed Files: @{outputs('Run_a_flow_built_with_Power_Automate_for_desktop')?['body/outCompletedCount']}<br>\nDuplicate FIles: @{outputs('Run_a_flow_built_with_Power_Automate_for_desktop')?['body/outDuplicateCount']}<br>\nError Files: @{outputs('Run_a_flow_built_with_Power_Automate_for_desktop')?['body/outErrorCount']}</p>",
                  "emailMessage/Bcc": "ctiongson@cbps.canon.com;DCorlija@cbps.canon.com;ankim@cbps.canon.com;jeperez@cbps.canon.com;pcarreon@cbps.canon.com;KZink@cbps.canon.com"
                },
                "authentication": "@parameters('$authentication')"
              }
            }
          },
          "runAfter": {
            "Get_file_content": [
              "Succeeded"
            ]
          },
          "else": {
            "actions": {
              "Send_Email_Report": {
                "runAfter": {},
                "metadata": {
                  "operationMetadataId": "3549bb15-8ea9-44fa-ad65-1f671dba757d"
                },
                "type": "OpenApiConnection",
                "inputs": {
                  "host": {
                    "apiId": "/providers/Microsoft.PowerApps/apis/shared_office365",
                    "connectionName": "shared_office365",
                    "operationId": "SendEmailV2"
                  },
                  "parameters": {
                    "emailMessage/To": "cbps-csc@cbps.canon.com",
                    "emailMessage/Subject": "iBML Processing Update",
                    "emailMessage/Body": "<p><b>LM IBML Processed Files for East and West as of @{body('Convert_time_zone')}.</b><br>\n<br>\nTOTAL FILES: @{outputs('Run_a_flow_built_with_Power_Automate_for_desktop')?['body/outTotalCount']}<br>\nProcessed Files: @{outputs('Run_a_flow_built_with_Power_Automate_for_desktop')?['body/outCompletedCount']}<br>\nDuplicate FIles: @{outputs('Run_a_flow_built_with_Power_Automate_for_desktop')?['body/outDuplicateCount']}<br>\nError Files: @{outputs('Run_a_flow_built_with_Power_Automate_for_desktop')?['body/outErrorCount']}</p>",
                    "emailMessage/Bcc": "ctiongson@cbps.canon.com;DCorlija@cbps.canon.com;ankim@cbps.canon.com;jeperez@cbps.canon.com;pcarreon@cbps.canon.com;KZink@cbps.canon.com",
                    "emailMessage/Attachments": [
                      {
                        "Name": "@outputs('Get_file_metadata')?['body/Name']",
                        "ContentBytes": "@body('Get_file_content')"
                      }
                    ]
                  },
                  "authentication": "@parameters('$authentication')"
                }
              }
            }
          },
          "expression": {
            "equals": [
              "@int(outputs('Run_a_flow_built_with_Power_Automate_for_desktop')?['body/outTotalCount'])",
              0
            ]
          },
          "metadata": {
            "operationMetadataId": "62ad79e8-a8a5-4b44-92c6-11779594a239"
          },
          "type": "If"
        }
      },
      "outputs": {}
    }
  },
  "schemaVersion": "1.0.0.0"
}