{
  "properties": {
    "connectionReferences": {
      "shared_uiflow": {
        "runtimeSource": "embedded",
        "connection": {},
        "api": {
          "name": "shared_uiflow"
        }
      },
      "shared_filesystem": {
        "runtimeSource": "embedded",
        "connection": {},
        "api": {
          "name": "shared_filesystem"
        }
      },
      "shared_office365_1": {
        "runtimeSource": "embedded",
        "connection": {},
        "api": {
          "name": "shared_office365"
        }
      },
      "shared_office365": {
        "runtimeSource": "embedded",
        "connection": {},
        "api": {
          "name": "shared_office365"
        }
      }
    },
    "definition": {
      "$schema": "https://schema.management.azure.com/providers/Microsoft.Logic/schemas/2016-06-01/workflowdefinition.json#",
      "contentVersion": "1.0.0.0",
      "parameters": {
        "$connections": {
          "defaultValue": {},
          "type": "Object"
        },
        "$authentication": {
          "defaultValue": {},
          "type": "SecureObject"
        }
      },
      "triggers": {
        "Recurrence": {
          "recurrence": {
            "frequency": "Day",
            "interval": 1,
            "timeZone": "Eastern Standard Time",
            "schedule": {
              "hours": [
                "3",
                "11",
                "19"
              ],
              "minutes": [
                30
              ]
            }
          },
          "metadata": {
            "operationMetadataId": "6c926f80-63bb-407b-b5f8-4d3564ba3037"
          },
          "type": "Recurrence"
        }
      },
      "actions": {
        "Run_a_flow_built_with_Power_Automate_for_desktop": {
          "runAfter": {
            "Convert_time_zone": [
              "Succeeded"
            ]
          },
          "metadata": {
            "operationMetadataId": "6d724b89-b36a-4903-a9f7-36000abc75da"
          },
          "type": "OpenApiConnection",
          "inputs": {
            "host": {
              "apiId": "/providers/Microsoft.PowerApps/apis/shared_uiflow",
              "connectionName": "shared_uiflow",
              "operationId": "RunUIFlow_V2"
            },
            "parameters": {
              "uiFlowId": "71ad6219-383e-4f25-be76-60d7c0f3a937",
              "runMode": "unattended",
              "x-ms-flow-trusted-access": true
            },
            "authentication": "@parameters('$authentication')"
          }
        },
        "Current_time": {
          "runAfter": {
            "Initialize_variable": [
              "Succeeded"
            ]
          },
          "metadata": {
            "operationMetadataId": "373ed3dc-3332-4724-b155-3b2d24234f76"
          },
          "type": "Expression",
          "kind": "CurrentTime",
          "inputs": {}
        },
        "Convert_time_zone": {
          "runAfter": {
            "Current_time": [
              "Succeeded"
            ]
          },
          "metadata": {
            "operationMetadataId": "96b394ae-69df-4c02-83ab-364262d82da6"
          },
          "type": "Expression",
          "kind": "ConvertTimeZone",
          "inputs": {
            "baseTime": "@body('Current_time')",
            "formatString": "G",
            "sourceTimeZone": "Central Standard Time",
            "destinationTimeZone": "Eastern Standard Time"
          }
        },
        "Get_file_content": {
          "runAfter": {
            "Get_file_metadata": [
              "Succeeded"
            ]
          },
          "metadata": {
            "operationMetadataId": "9c480e82-2ebd-4df4-853f-f1d420f21bfe"
          },
          "type": "OpenApiConnection",
          "inputs": {
            "host": {
              "apiId": "/providers/Microsoft.PowerApps/apis/shared_filesystem",
              "connectionName": "shared_filesystem",
              "operationId": "GetFileContent"
            },
            "parameters": {
              "id": "@trim(outputs('Run_a_flow_built_with_Power_Automate_for_desktop')?['body/outProcessFileName'])",
              "inferContentType": true
            },
            "authentication": "@parameters('$authentication')"
          }
        },
        "Get_file_metadata": {
          "runAfter": {
            "Run_a_flow_built_with_Power_Automate_for_desktop": [
              "Succeeded"
            ]
          },
          "metadata": {
            "operationMetadataId": "0006ff11-0fc3-4f7a-b64a-f277e88b3670"
          },
          "type": "OpenApiConnection",
          "inputs": {
            "host": {
              "apiId": "/providers/Microsoft.PowerApps/apis/shared_filesystem",
              "connectionName": "shared_filesystem",
              "operationId": "GetFileMetadata"
            },
            "parameters": {
              "id": "@trim(outputs('Run_a_flow_built_with_Power_Automate_for_desktop')?['body/outProcessFileName'])"
            },
            "authentication": "@parameters('$authentication')"
          }
        },
        "Delete_file": {
          "runAfter": {
            "Delay": [
              "Succeeded"
            ]
          },
          "metadata": {
            "operationMetadataId": "316072da-eeec-485d-bf2d-d3ddea189129"
          },
          "type": "OpenApiConnection",
          "inputs": {
            "host": {
              "apiId": "/providers/Microsoft.PowerApps/apis/shared_filesystem",
              "connectionName": "shared_filesystem",
              "operationId": "DeleteFile"
            },
            "parameters": {
              "id": "@outputs('Get_file_metadata')?['body/Id']"
            },
            "authentication": "@parameters('$authentication')"
          }
        },
        "Delay": {
          "runAfter": {
            "Condition": [
              "Succeeded"
            ]
          },
          "metadata": {
            "operationMetadataId": "cddaa47e-5724-4146-98e0-bf5554f35204"
          },
          "type": "Wait",
          "inputs": {
            "interval": {
              "count": 15,
              "unit": "Second"
            }
          }
        },
        "Condition": {
          "actions": {
            "Send_Email_Report_No_Attachment": {
              "runAfter": {},
              "metadata": {
                "operationMetadataId": "1cdc02ae-f4cb-4ddf-b869-52b13e701ee8"
              },
              "type": "OpenApiConnection",
              "inputs": {
                "host": {
                  "apiId": "/providers/Microsoft.PowerApps/apis/shared_office365",
                  "connectionName": "shared_office365_1",
                  "operationId": "SendEmailV2"
                },
                "parameters": {
                  "emailMessage/To": "cbps-csc@cbps.canon.com",
                  "emailMessage/Subject": "iBML Processing Update",
                  "emailMessage/Body": "<p>@{variables('emailBody')}</p>",
                  "emailMessage/Bcc": "ctiongson@cbps.canon.com;DCorlija@cbps.canon.com;ankim@cbps.canon.com;jeperez@cbps.canon.com;pcarreon@cbps.canon.com;fcolumbus@cbps.canon.com"
                },
                "authentication": "@parameters('$authentication')"
              }
            }
          },
          "runAfter": {
            "Set_variable": [
              "Succeeded"
            ]
          },
          "else": {
            "actions": {
              "Send_Email_Report": {
                "runAfter": {},
                "metadata": {
                  "operationMetadataId": "3549bb15-8ea9-44fa-ad65-1f671dba757d"
                },
                "type": "OpenApiConnection",
                "inputs": {
                  "host": {
                    "apiId": "/providers/Microsoft.PowerApps/apis/shared_office365",
                    "connectionName": "shared_office365",
                    "operationId": "SendEmailV2"
                  },
                  "parameters": {
                    "emailMessage/To": "cbps-csc@cbps.canon.com",
                    "emailMessage/Subject": "iBML Processing Update",
                    "emailMessage/Body": "<p>@{variables('emailBody')}</p>",
                    "emailMessage/Bcc": "ctiongson@cbps.canon.com;DCorlija@cbps.canon.com;ankim@cbps.canon.com;jeperez@cbps.canon.com;pcarreon@cbps.canon.com;fcolumbus@cbps.canon.com",
                    "emailMessage/Attachments": [
                      {
                        "Name": "@outputs('Get_file_metadata')?['body/Name']",
                        "ContentBytes": "@body('Get_file_content')"
                      }
                    ]
                  },
                  "authentication": "@parameters('$authentication')"
                }
              }
            }
          },
          "expression": {
            "equals": [
              "@int(outputs('Run_a_flow_built_with_Power_Automate_for_desktop')?['body/outTotalCount'])",
              0
            ]
          },
          "metadata": {
            "operationMetadataId": "62ad79e8-a8a5-4b44-92c6-11779594a239"
          },
          "type": "If"
        },
        "Initialize_variable": {
          "runAfter": {},
          "metadata": {
            "operationMetadataId": "0d8946a5-de3f-44ff-a066-d25ce4133710"
          },
          "type": "InitializeVariable",
          "inputs": {
            "variables": [
              {
                "name": "emailBody",
                "type": "string"
              }
            ]
          }
        },
        "Set_variable": {
          "runAfter": {
            "Get_file_content": [
              "Succeeded"
            ]
          },
          "metadata": {
            "operationMetadataId": "77061d56-25f3-48e2-ad91-1f1defc2a678"
          },
          "type": "SetVariable",
          "inputs": {
            "name": "emailBody",
            "value": "<html>\n\n<head>\n<meta http-equiv=Content-Type content=\"text/html; charset=windows-1252\">\n<meta name=Generator content=\"Microsoft Word 15 (filtered)\">\n<style>\n<!--\n /* Font Definitions */\n @font-face\n\t{font-family:\"Cambria Math\";\n\tpanose-1:2 4 5 3 5 4 6 3 2 4;}\n@font-face\n\t{font-family:Calibri;\n\tpanose-1:2 15 5 2 2 2 4 3 2 4;}\n /* Style Definitions */\n p.MsoNormal, li.MsoNormal, div.MsoNormal\n\t{margin:0in;\n\tfont-size:11.0pt;\n\tfont-family:\"Calibri\",sans-serif;}\na:link, span.MsoHyperlink\n\t{color:#0563C1;\n\ttext-decoration:underline;}\np\n\t{margin-right:0in;\n\tmargin-left:0in;\n\tfont-size:11.0pt;\n\tfont-family:\"Calibri\",sans-serif;}\n.MsoChpDefault\n\t{font-size:10.0pt;}\n@page WordSection1\n\t{size:8.5in 11.0in;\n\tmargin:1.0in 1.0in 1.0in 1.0in;}\ndiv.WordSection1\n\t{page:WordSection1;}\n-->\n</style>\n\n</head>\n\n<body lang=EN-US link=\"#0563C1\" vlink=\"#954F72\" style='word-wrap:break-word'>\n\n<div class=WordSection1>\n\n<table class=MsoNormalTable border=0 cellspacing=0 cellpadding=0 width=\"100%\"\n style='width:100.0%;background:#1F3864;border-collapse:collapse'>\n <tr style='height:35.25pt'>\n  <td nowrap style='border:solid #1F3864 1.0pt;padding:.75pt .75pt 0in .75pt;\n  height:35.25pt'>\n  <p class=MsoNormal style='line-height:105%'><b><span style='font-size:13.0pt;\n  line-height:105%;color:#F2F2F2'>&nbsp;LM IBML SFTP Automation Production Run</span></b></p>\n  </td>\n </tr>\n</table>\n\n<p class=MsoNormal style='margin-top:12.0pt;margin-right:0in;margin-bottom:\n12.0pt;margin-left:0in'><b><span style='color:#1F4E79'>Please see LM IBML Files\nfor East and West as of @{body('Convert_time_zone')}</span></b></p>\n\n<table class=MsoNormalTable border=0 cellspacing=0 cellpadding=0\n style='border-collapse:collapse'>\n <tr>\n  <td width=114 valign=top style='width:85.25pt;border:solid windowtext 1.0pt;\n  background:#ACB9CA;padding:0in 5.4pt 0in 5.4pt'>\n  <p style='line-height:105%'><b><span style='color:black'>Total Files</span></b></p>\n  </td>\n  <td width=84 valign=top style='width:63.0pt;border:solid windowtext 1.0pt;\n  border-left:none;padding:0in 5.4pt 0in 5.4pt'>\n  <p style='line-height:105%'><center>@{outputs('Run_a_flow_built_with_Power_Automate_for_desktop')?['body/outTotalCount']}</center></p>\n  </td>\n </tr>\n <tr>\n  <td width=114 valign=top style='width:85.25pt;border:solid windowtext 1.0pt;\n  border-top:none;background:#ACB9CA;padding:0in 5.4pt 0in 5.4pt'>\n  <p style='line-height:105%'><b><span style='color:black'>Files Processed</span></b></p>\n  </td>\n  <td width=84 valign=top style='width:63.0pt;border-top:none;border-left:none;\n  border-bottom:solid windowtext 1.0pt;border-right:solid windowtext 1.0pt;\n  padding:0in 5.4pt 0in 5.4pt'>\n  <p style='line-height:105%'><center>@{outputs('Run_a_flow_built_with_Power_Automate_for_desktop')?['body/outCompletedCount']}</center></p>\n  </td>\n </tr>\n <tr>\n  <td width=114 valign=top style='width:85.25pt;border:solid windowtext 1.0pt;\n  border-top:none;background:#ACB9CA;padding:0in 5.4pt 0in 5.4pt'>\n  <p style='line-height:105%'><b><span style='color:black'>Duplicate Files</span></b></p>\n  </td>\n  <td width=84 valign=top style='width:63.0pt;border-top:none;border-left:none;\n  border-bottom:solid windowtext 1.0pt;border-right:solid windowtext 1.0pt;\n  padding:0in 5.4pt 0in 5.4pt'>\n  <p style='line-height:105%'><center>@{outputs('Run_a_flow_built_with_Power_Automate_for_desktop')?['body/outDuplicateCount']}</center></p>\n  </td>\n </tr>\n <tr style='height:2.65pt'>\n  <td width=114 valign=top style='width:85.25pt;border:solid windowtext 1.0pt;\n  border-top:none;background:#ACB9CA;padding:0in 5.4pt 0in 5.4pt;height:2.65pt'>\n  <p style='line-height:105%'><b><span style='color:black'>Files with Error</span></b></p>\n  </td>\n  <td width=84 valign=top style='width:63.0pt;border-top:none;border-left:none;\n  border-bottom:solid windowtext 1.0pt;border-right:solid windowtext 1.0pt;\n  padding:0in 5.4pt 0in 5.4pt;height:2.65pt'>\n  <p style='line-height:105%'><center>@{outputs('Run_a_flow_built_with_Power_Automate_for_desktop')?['body/outErrorCount']}</center></p>\n  </td>\n </tr>\n</table>\n\n<p class=MsoNormal><strong><span style='font-family:\"Calibri\",sans-serif;\ncolor:black'>&nbsp;&nbsp;&nbsp;&nbsp;&nbsp;&nbsp;&nbsp;&nbsp;&nbsp;&nbsp;&nbsp;&nbsp;&nbsp;&nbsp;&nbsp;&nbsp;&nbsp;&nbsp;&nbsp;&nbsp;&nbsp;&nbsp;&nbsp;&nbsp;&nbsp;&nbsp;&nbsp;&nbsp;&nbsp;&nbsp;&nbsp;&nbsp;&nbsp;&nbsp;&nbsp;&nbsp;&nbsp;&nbsp;&nbsp;&nbsp;&nbsp;&nbsp;&nbsp;&nbsp;&nbsp;&nbsp;&nbsp;&nbsp;&nbsp;&nbsp;&nbsp;&nbsp;&nbsp;&nbsp;&nbsp;&nbsp;&nbsp;&nbsp;&nbsp;&nbsp;&nbsp;&nbsp;&nbsp;&nbsp;&nbsp;&nbsp;&nbsp;&nbsp;&nbsp;&nbsp;&nbsp;&nbsp;&nbsp;&nbsp;&nbsp;&nbsp;\n</span></strong></p>\n\n<p class=MsoNormal><strong><span style='font-family:\"Calibri\",sans-serif;\ncolor:black'>&nbsp;</span></strong></p>\n\n<p class=MsoNormal><strong><span style='font-family:\"Calibri\",sans-serif;\ncolor:black'>Robotics Process Automation Team</span></strong><b><span\nstyle='color:black'><br>\n<strong><span style='font-family:\"Calibri\",sans-serif'>Data Technology Group\n(DTG)</span></strong><br>\n</span></b><span style='color:black'>Data Transformation Services<br>\nCanon Business Process Services<br>\n<br>\n</span><a href=\"mailto:cbps-dts-ias-support@cbps.canon.com\"><span\nstyle='color:#2C82C9'>cbps-dts-ias-support@cbps.canon.com</span></a><span\nstyle='color:black'> / Email<br>\n</span><a href=\"mailto:cbps-csc@cbps.canon.com\"><span style='color:#2C82C9'>cbps-csc@cbps.canon.com</span></a><span\nstyle='color:black'> / &nbsp;Ticketing Email</span>&nbsp;<br>\n<a href=\"mailto:cbps-dts-rpa@cbps.canon.com\"><span style='color:#2C82C9'>cbps-dts-rpa@cbps.canon.com</span></a><span\nstyle='color:black'> / RPA Email</span></p>\n\n<p>If you want to unsubscribe from these emails, please use this <a\nhref=\"https://nam12.safelinks.protection.outlook.com/?url=https%3A%2F%2Faka.ms%2Fflow-mail&amp;data=05%7C01%7Cpcarreon%40cbps.canon.com%7Cda46b94c1c154553e47508da3c6ef6eb%7C869c0d1d42e34230a045be018a9ea361%7C0%7C0%7C637888744542477299%7CUnknown%7CTWFpbGZsb3d8eyJWIjoiMC4wLjAwMDAiLCJQIjoiV2luMzIiLCJBTiI6Ik1haWwiLCJXVCI6Mn0%3D%7C3000%7C%7C%7C&amp;sdata=Osp4Q%2BUkoe9Db8qunFyhDL1GW89DBV2GQzGIvXmjvNE%3D&amp;reserved=0\">form</a>.</p>\n\n\n</div>\n\n</body>\n\n</html>\n"
          }
        }
      },
      "outputs": {}
    }
  },
  "schemaVersion": "1.0.0.0"
}