<ImportExportXml version="9.2.22043.151" SolutionPackageVersion="9.2" languagecode="1033" generatedBy="CrmLive" xmlns:xsi="http://www.w3.org/2001/XMLSchema-instance">
  <SolutionManifest>
    <UniqueName>LMIBMLCloudFlows</UniqueName>
    <LocalizedNames>
      <LocalizedName description="LM-IBML-Cloud-Flows" languagecode="1033" />
    </LocalizedNames>
    <Descriptions />
    <Version>1.0.0.1</Version>
    <Managed>0</Managed>
    <Publisher>
      <UniqueName>Cr1798f</UniqueName>
      <LocalizedNames>
        <LocalizedName description="CDS Default Publisher" languagecode="1033" />
      </LocalizedNames>
      <Descriptions />
      <EMailAddress xsi:nil="true"></EMailAddress>
      <SupportingWebsiteUrl xsi:nil="true"></SupportingWebsiteUrl>
      <CustomizationPrefix>cra6a</CustomizationPrefix>
      <CustomizationOptionValuePrefix>82711</CustomizationOptionValuePrefix>
      <Addresses>
        <Address>
          <AddressNumber>1</AddressNumber>
          <AddressTypeCode xsi:nil="true"></AddressTypeCode>
          <City xsi:nil="true"></City>
          <County xsi:nil="true"></County>
          <Country xsi:nil="true"></Country>
          <Fax xsi:nil="true"></Fax>
          <FreightTermsCode xsi:nil="true"></FreightTermsCode>
          <ImportSequenceNumber xsi:nil="true"></ImportSequenceNumber>
          <Latitude xsi:nil="true"></Latitude>
          <Line1 xsi:nil="true"></Line1>
          <Line2 xsi:nil="true"></Line2>
          <Line3 xsi:nil="true"></Line3>
          <Longitude xsi:nil="true"></Longitude>
          <Name xsi:nil="true"></Name>
          <PostalCode xsi:nil="true"></PostalCode>
          <PostOfficeBox xsi:nil="true"></PostOfficeBox>
          <PrimaryContactName xsi:nil="true"></PrimaryContactName>
          <ShippingMethodCode xsi:nil="true"></ShippingMethodCode>
          <StateOrProvince xsi:nil="true"></StateOrProvince>
          <Telephone1 xsi:nil="true"></Telephone1>
          <Telephone2 xsi:nil="true"></Telephone2>
          <Telephone3 xsi:nil="true"></Telephone3>
          <TimeZoneRuleVersionNumber xsi:nil="true"></TimeZoneRuleVersionNumber>
          <UPSZone xsi:nil="true"></UPSZone>
          <UTCOffset xsi:nil="true"></UTCOffset>
          <UTCConversionTimeZoneCode xsi:nil="true"></UTCConversionTimeZoneCode>
        </Address>
        <Address>
          <AddressNumber>2</AddressNumber>
          <AddressTypeCode xsi:nil="true"></AddressTypeCode>
          <City xsi:nil="true"></City>
          <County xsi:nil="true"></County>
          <Country xsi:nil="true"></Country>
          <Fax xsi:nil="true"></Fax>
          <FreightTermsCode xsi:nil="true"></FreightTermsCode>
          <ImportSequenceNumber xsi:nil="true"></ImportSequenceNumber>
          <Latitude xsi:nil="true"></Latitude>
          <Line1 xsi:nil="true"></Line1>
          <Line2 xsi:nil="true"></Line2>
          <Line3 xsi:nil="true"></Line3>
          <Longitude xsi:nil="true"></Longitude>
          <Name xsi:nil="true"></Name>
          <PostalCode xsi:nil="true"></PostalCode>
          <PostOfficeBox xsi:nil="true"></PostOfficeBox>
          <PrimaryContactName xsi:nil="true"></PrimaryContactName>
          <ShippingMethodCode xsi:nil="true"></ShippingMethodCode>
          <StateOrProvince xsi:nil="true"></StateOrProvince>
          <Telephone1 xsi:nil="true"></Telephone1>
          <Telephone2 xsi:nil="true"></Telephone2>
          <Telephone3 xsi:nil="true"></Telephone3>
          <TimeZoneRuleVersionNumber xsi:nil="true"></TimeZoneRuleVersionNumber>
          <UPSZone xsi:nil="true"></UPSZone>
          <UTCOffset xsi:nil="true"></UTCOffset>
          <UTCConversionTimeZoneCode xsi:nil="true"></UTCConversionTimeZoneCode>
        </Address>
      </Addresses>
    </Publisher>
    <RootComponents>
      <RootComponent type="29" id="{14774d4e-66db-ec11-a7b6-0022482854be}" behavior="0" />
      <RootComponent type="29" id="{255b0fc3-1fdc-ec11-a7b6-0022482854be}" behavior="0" />
      <RootComponent type="29" id="{2c37144f-6ddb-ec11-a7b6-000d3a9c6858}" behavior="0" />
      <RootComponent type="29" id="{3f25645b-6ddb-ec11-a7b6-000d3a9c6858}" behavior="0" />
      <RootComponent type="29" id="{68b80793-aeda-ec11-a7b6-0022482854be}" behavior="0" />
      <RootComponent type="29" id="{95e5a789-5cdb-ec11-a7b6-0022482854be}" behavior="0" />
      <RootComponent type="29" id="{b8479c75-50db-ec11-a7b6-0022482854be}" behavior="0" />
      <RootComponent type="29" id="{db7cad0f-68db-ec11-a7b6-000d3a9c6858}" behavior="0" />
      <RootComponent type="29" id="{e0457d7a-aeda-ec11-a7b6-0022482854be}" behavior="0" />
      <RootComponent type="29" id="{e1f82ed3-61db-ec11-a7b6-000d3a9c6858}" behavior="0" />
    </RootComponents>
    <MissingDependencies>
      <MissingDependency>
        <Required type="29" displayName="LM-IBML-SFTP-East-Desktop-V4.1" solution="Active" id="{3a4fa8b3-177f-4753-b1c8-3379948593d4}" />
        <Dependent type="29" displayName="LM-IBML-SFTP-Schedule-B1-V4.1" id="{68b80793-aeda-ec11-a7b6-0022482854be}" />
      </MissingDependency>
      <MissingDependency>
        <Required type="29" displayName="LM-IBML-SFTP-West-Desktop-B2-V4.1" solution="Active" id="{6b3705c4-b50e-4b78-8615-669f2357b315}" />
        <Dependent type="29" displayName="LM-IBML-SFTP-Schedule-B2-V4.1" id="{95e5a789-5cdb-ec11-a7b6-0022482854be}" />
      </MissingDependency>
      <MissingDependency>
        <Required type="29" displayName="LM_IBML_Process_Check" solution="Active" id="{71ad6219-383e-4f25-be76-60d7c0f3a937}" />
        <Dependent type="29" displayName="LM_IBML_Process_Check" id="{2c37144f-6ddb-ec11-a7b6-000d3a9c6858}" />
      </MissingDependency>
      <MissingDependency>
        <Required type="29" displayName="LM_IBML_Process_Check" solution="Active" id="{71ad6219-383e-4f25-be76-60d7c0f3a937}" />
        <Dependent type="29" displayName="LM_IBML_Process_Check_V2.0" id="{3f25645b-6ddb-ec11-a7b6-000d3a9c6858}" />
      </MissingDependency>
      <MissingDependency>
        <Required type="29" displayName="LM-IBML-MailReceipt-Desktop-2.0" solution="Active" id="{97b83ab1-acde-42e6-a896-abb682b20962}" />
        <Dependent type="29" displayName="LM-IBML-MailInbox-Schedule-2.0" id="{b8479c75-50db-ec11-a7b6-0022482854be}" />
      </MissingDependency>
      <MissingDependency>
        <Required type="29" displayName="LM-IBML-MailReceipt-Desktop-2.0" solution="Active" id="{97b83ab1-acde-42e6-a896-abb682b20962}" />
        <Dependent type="29" displayName="LM-IBML-MailInbox-Schedule" id="{db7cad0f-68db-ec11-a7b6-000d3a9c6858}" />
      </MissingDependency>
      <MissingDependency>
        <Required type="29" displayName="LM-IBML-SFTP-West-Desktop-V4.1" solution="Active" id="{9a06faa3-8aef-4969-ad31-746ab20c7507}" />
        <Dependent type="29" displayName="LM-IBML-SFTP-Schedule-B1-V4.1" id="{68b80793-aeda-ec11-a7b6-0022482854be}" />
      </MissingDependency>
      <MissingDependency>
        <Required type="29" displayName="LM-IBML-SFTP-East-Desktop-B2-V4.1" solution="Active" id="{b953d81d-138a-46e8-9bb1-a36fccf08264}" />
        <Dependent type="29" displayName="LM-IBML-SFTP-Schedule-B2-V4.1" id="{95e5a789-5cdb-ec11-a7b6-0022482854be}" />
      </MissingDependency>
      <MissingDependency>
        <Required type="29" displayName="LM-IBML-ReconReportRunApp-Desktop-2.1" solution="Active" id="{dcfdb8a9-ce79-4f35-96da-9f105e525444}" />
        <Dependent type="29" displayName="LM-IBML-ReconReport-Schedule-2.1" id="{e1f82ed3-61db-ec11-a7b6-000d3a9c6858}" />
      </MissingDependency>
      <MissingDependency>
        <Required type="connectionreference" displayName="cra6a_sharedfilesystem_64f69" solution="Active" id.connectionreferencelogicalname="cra6a_sharedfilesystem_64f69" />
        <Dependent type="29" displayName="LM-IBML-SFTP-Upload-Errors" id="{14774d4e-66db-ec11-a7b6-0022482854be}" />
      </MissingDependency>
      <MissingDependency>
        <Required type="connectionreference" displayName="cra6a_sharedfilesystem_7e720" solution="Active" id.connectionreferencelogicalname="cra6a_sharedfilesystem_7e720" />
        <Dependent type="29" displayName="LM-IBML-SFTP-Upload-Errors" id="{14774d4e-66db-ec11-a7b6-0022482854be}" />
      </MissingDependency>
      <MissingDependency>
        <Required type="connectionreference" displayName="cra6a_sharedfilesystem_7e720" solution="Active" id.connectionreferencelogicalname="cra6a_sharedfilesystem_7e720" />
        <Dependent type="29" displayName="LM-IBML-MailInbox-Schedule-3.0" id="{e0457d7a-aeda-ec11-a7b6-0022482854be}" />
      </MissingDependency>
      <MissingDependency>
        <Required type="connectionreference" displayName="cra6a_sharedfilesystem_7e720" solution="Active" id.connectionreferencelogicalname="cra6a_sharedfilesystem_7e720" />
        <Dependent type="29" displayName="LM-IBML-ReconReport-Schedule-2.1" id="{e1f82ed3-61db-ec11-a7b6-000d3a9c6858}" />
      </MissingDependency>
      <MissingDependency>
        <Required type="connectionreference" displayName="cra6a_sharedoffice365_d2b50" solution="Active" id.connectionreferencelogicalname="cra6a_sharedoffice365_d2b50" />
        <Dependent type="29" displayName="LM-IBML-SFTP-Upload-Errors" id="{14774d4e-66db-ec11-a7b6-0022482854be}" />
      </MissingDependency>
      <MissingDependency>
        <Required type="connectionreference" displayName="cra6a_sharedoffice365_d2b50" solution="Active" id.connectionreferencelogicalname="cra6a_sharedoffice365_d2b50" />
        <Dependent type="29" displayName="LM-IBML-MailInbox-Schedule-3.0" id="{e0457d7a-aeda-ec11-a7b6-0022482854be}" />
      </MissingDependency>
      <MissingDependency>
        <Required type="connectionreference" displayName="cra6a_sharedoffice365_d2b50" solution="Active" id.connectionreferencelogicalname="cra6a_sharedoffice365_d2b50" />
        <Dependent type="29" displayName="LM-IBML-ReconReport-Schedule-2.1" id="{e1f82ed3-61db-ec11-a7b6-000d3a9c6858}" />
      </MissingDependency>
      <MissingDependency>
        <Required type="connectionreference" displayName="cra6a_shareduiflow_1b5ef" solution="Active" id.connectionreferencelogicalname="cra6a_shareduiflow_1b5ef" />
        <Dependent type="29" displayName="LM-IBML-SFTP-Schedule-B1-V4.1" id="{68b80793-aeda-ec11-a7b6-0022482854be}" />
      </MissingDependency>
      <MissingDependency>
        <Required type="connectionreference" displayName="cra6a_shareduiflow_1b5ef" solution="Active" id.connectionreferencelogicalname="cra6a_shareduiflow_1b5ef" />
        <Dependent type="29" displayName="LM-IBML-ReconReport-Schedule-2.1" id="{e1f82ed3-61db-ec11-a7b6-000d3a9c6858}" />
      </MissingDependency>
      <MissingDependency>
        <Required type="connectionreference" displayName="cra6a_shareduiflow_1d84c" solution="Active" id.connectionreferencelogicalname="cra6a_shareduiflow_1d84c" />
        <Dependent type="29" displayName="LM-IBML-SFTP-Schedule-B2-V4.1" id="{95e5a789-5cdb-ec11-a7b6-0022482854be}" />
      </MissingDependency>
    </MissingDependencies>
  </SolutionManifest>
</ImportExportXml>